date,open,high,low,close,volume,Adj Close
2017-01-20,3326.98,3358.41,3326.37,3354.89,65300460.0,3354.89
2017-01-19,3330.95,3346.5,3324.68,3329.29,66159812.0,3329.29
2017-01-18,3323.34,3350.96,3320.41,3339.37,70623224.0,3339.37
2017-01-17,3305.6,3327.38,3292.2,3326.36,69453328.0,3326.36
2017-01-16,3314.15,3322.78,3264.21,3319.45,157779136.0,3319.45
2017-01-13,3317.96,3338.17,3309.37,3319.91,84180584.0,3319.91
2017-01-12,3332.69,3343.13,3315.96,3317.62,81239136.0,3317.62
2017-01-11,3355.8,3366.63,3334.3,3334.5,91071440.0,3334.5
2017-01-10,3361.64,3370.51,3354.09,3358.27,83819160.0,3358.27
2017-01-09,3345.75,3366.22,3344.35,3363.9,83707936.0,3363.9
2017-01-06,3366.85,3368.87,3346.89,3347.67,87459112.0,3347.67
2017-01-05,3368.34,3373.41,3361.46,3367.79,88336352.0,3367.79
2017-01-04,3340.56,3369.57,3338.15,3368.31,90050824.0,3368.31
2017-01-03,3313.95,3345.26,3313.95,3342.23,86567896.0,3342.23
2016-12-30,3302.6,3313.55,3295.75,3310.08,71744120.0,3310.08
2016-12-29,3297.04,3312.11,3288.1,3297.76,70087920.0,3297.76
2016-12-28,3315.75,3320.55,3293.17,3301.89,69000440.0,3301.89
2016-12-27,3319.21,3330.23,3315.83,3316.39,75486360.0,3316.39
2016-12-26,3293.22,3322.42,3267.05,3322.4,89793984.0,3322.4
2016-12-23,3333.4,3334.89,3300.88,3307.6,97444712.0,3307.6
2016-12-22,3335.12,3340.36,3322.72,3335.67,92277248.0,3335.67
2016-12-21,3313.75,3342.48,3313.75,3338.54,108255000.0,3338.54
2016-12-20,3328.3,3329.1,3289.27,3309.06,87569592.0,3309.06
2016-12-19,3342.34,3344.86,3325.0,3328.98,81640680.0,3328.98
2016-12-16,3335.36,3356.29,3330.49,3346.03,90775416.0,3346.03
2016-12-15,3363.86,3378.04,3327.14,3340.43,114960664.0,3340.43
2016-12-14,3399.41,3412.28,3378.27,3378.95,124007744.0,3378.95
2016-12-13,3394.21,3416.21,3370.6,3405.04,121105104.0,3405.04
2016-12-12,3489.27,3495.8,3400.79,3409.18,187467760.0,3409.18
2016-12-09,3464.87,3507.93,3461.76,3493.7,150303296.0,3493.7
2016-12-08,3481.81,3484.34,3466.51,3470.14,117383928.0,3470.14
2016-12-07,3458.37,3475.75,3445.76,3475.75,114345104.0,3475.75
2016-12-06,3466.24,3477.59,3456.81,3459.15,115529096.0,3459.15
2016-12-05,3473.69,3496.88,3457.34,3469.41,180852352.0,3469.41
2016-12-02,3559.77,3562.55,3516.79,3528.95,196355488.0,3528.95
2016-12-01,3543.96,3575.97,3543.24,3565.04,180170752.0,3565.04
2016-11-30,3557.64,3567.07,3527.02,3538.0,178560192.0,3538.0
2016-11-29,3525.9,3583.72,3521.38,3564.04,236918352.0,3564.04
2016-11-28,3538.68,3553.36,3528.32,3535.08,207375488.0,3535.08
2016-11-25,3490.04,3521.3,3463.95,3521.3,153621504.0,3521.3
2016-11-24,3468.81,3508.16,3467.01,3488.74,145746304.0,3488.74
2016-11-23,3473.89,3492.96,3465.76,3474.73,162388496.0,3474.73
2016-11-22,3443.22,3469.22,3443.22,3468.36,168523456.0,3468.36
2016-11-21,3412.65,3463.14,3412.08,3441.11,146434528.0,3441.11
2016-11-18,3437.49,3443.12,3413.27,3417.46,115951208.0,3417.46
2016-11-17,3423.47,3437.67,3412.88,3436.53,121561736.0,3436.53
2016-11-16,3432.43,3435.64,3419.24,3429.59,129808504.0,3429.59
2016-11-15,3428.87,3434.92,3415.99,3429.87,134566320.0,3429.87
2016-11-14,3409.22,3452.62,3408.14,3430.25,213247104.0,3430.25
2016-11-11,3387.95,3422.67,3382.89,3417.22,198781504.0,3417.22
2016-11-10,3374.91,3403.02,3374.91,3390.61,134705536.0,3390.61
2016-11-09,3370.6,3373.1,3322.08,3353.05,139110064.0,3353.05
2016-11-08,3367.7,3383.92,3361.13,3371.12,103148280.0,3371.12
2016-11-07,3353.44,3362.74,3342.31,3356.59,99877992.0,3356.59
2016-11-04,3362.21,3377.64,3348.43,3354.17,104069656.0,3354.17
2016-11-03,3326.9,3379.99,3324.84,3365.09,126223504.0,3365.09
2016-11-02,3350.71,3356.4,3331.38,3333.35,91197104.0,3333.35
2016-10-28,3347.143,3370.748,3337.288,3340.126,93133312.0,3340.126
2016-10-27,3351.46,3352.354,3335.133,3345.695,77629848.0,3345.695
2016-10-26,3365.197,3367.831,3349.574,3354.8,98024784.0,3354.8
2016-10-25,3367.475,3373.913,3356.585,3367.454,111191696.0,3367.454
2016-10-24,3332.512,3382.825,3330.967,3367.577,153014352.0,3367.577
2016-10-21,3315.715,3341.56,3309.178,3327.74,109785176.0,3327.74
2016-10-20,3317.179,3324.903,3312.174,3318.604,79238872.0,3318.604
2016-10-19,3323.303,3332.52,3309.831,3316.24,101167728.0,3316.24
2016-10-18,3272.681,3321.332,3272.681,3321.332,102860712.0,3321.332
2016-10-17,3305.963,3309.009,3271.541,3277.878,86113512.0,3277.878
2016-10-14,3298.734,3306.685,3285.729,3305.848,82316272.0,3305.848
2016-10-13,3299.155,3307.409,3292.397,3302.645,81224200.0,3302.645
2016-10-12,3299.138,3302.561,3289.753,3300.009,68669784.0,3300.009
2016-10-11,3296.867,3308.004,3292.877,3306.557,87713160.0,3306.557
2016-10-10,3265.364,3294.64,3258.958,3293.868,80519264.0,3293.868
2016-09-30,3240.177,3260.94,3239.036,3253.284,44978024.0,3253.284
2016-09-29,3234.857,3257.766,3234.803,3244.387,55452556.0,3244.387
2016-09-28,3243.647,3243.647,3227.996,3230.89,44727496.0,3230.89
2016-09-27,3214.87,3240.775,3214.441,3240.754,58460552.0,3240.754
2016-09-26,3267.69,3267.69,3220.283,3220.283,70452184.0,3220.283
2016-09-23,3292.278,3293.916,3275.025,3275.666,57993984.0,3275.666
2016-09-22,3281.471,3303.199,3277.979,3291.121,75753544.0,3291.121
2016-09-21,3257.709,3270.902,3254.321,3266.636,59142980.0,3266.636
2016-09-20,3264.664,3265.035,3252.388,3257.403,52784208.0,3257.403
2016-09-19,3242.742,3264.899,3242.742,3263.124,58831080.0,3263.124
2016-09-14,3245.737,3254.995,3231.335,3238.729,70432696.0,3238.729
2016-09-13,3265.337,3269.222,3246.385,3260.333,67180288.0,3260.333
2016-09-12,3271.87,3276.716,3234.573,3262.604,122917680.0,3262.604
2016-09-09,3339.373,3344.951,3318.044,3318.044,82657040.0,3318.044
2016-09-08,3338.008,3343.395,3328.226,3339.564,71916160.0,3339.564
2016-09-07,3344.065,3357.356,3337.75,3340.817,102940104.0,3340.817
2016-09-06,3322.018,3347.951,3300.125,3342.625,98284000.0,3342.625
2016-09-05,3321.005,3338.419,3314.629,3319.68,78292480.0,3319.68
2016-09-02,3298.721,3320.425,3295.755,3314.114,82791800.0,3314.114
2016-09-01,3326.738,3329.345,3301.212,3301.576,84947216.0,3301.576
2016-08-31,3310.565,3333.972,3304.655,3327.793,79570808.0,3327.793
2016-08-30,3310.318,3325.121,3304.596,3311.987,75725984.0,3311.987
2016-08-29,3306.574,3315.078,3297.069,3307.781,77036336.0,3307.781
2016-08-26,3312.499,3328.945,3301.735,3307.09,81530688.0,3307.09
2016-08-25,3314.084,3315.081,3279.806,3308.972,100589152.0,3308.972
2016-08-24,3341.93,3348.129,3323.725,3329.863,81191432.0,3329.863
2016-08-23,3332.621,3359.647,3324.96,3341.829,92924512.0,3341.829
2016-08-22,3364.681,3372.833,3335.469,3336.794,107951008.0,3336.794
2016-08-19,3358.555,3374.045,3341.192,3365.019,119961504.0,3365.019
2016-08-18,3369.947,3394.791,3349.687,3364.485,142380176.0,3364.485
2016-08-17,3377.771,3394.388,3356.924,3373.047,138847680.0,3373.047
2016-08-16,3403.383,3418.688,3372.02,3378.245,196389744.0,3378.245
2016-08-15,3303.468,3417.914,3302.377,3393.423,220543424.0,3393.423
2016-08-12,3231.806,3294.233,3231.136,3294.233,116254048.0,3294.233
2016-08-11,3239.558,3274.026,3232.612,3233.36,101041216.0,3233.36
2016-08-10,3255.182,3261.86,3242.75,3243.34,90430368.0,3243.34
2016-08-09,3232.603,3257.333,3229.174,3256.981,91065256.0,3256.981
2016-08-08,3199.572,3234.479,3187.252,3234.183,86676048.0,3234.183
2016-08-05,3201.354,3224.873,3192.861,3205.11,77196368.0,3205.11
2016-08-04,3190.546,3201.553,3170.418,3201.288,73504376.0,3201.288
2016-08-03,3179.684,3197.157,3173.535,3193.507,72864104.0,3193.507
2016-08-02,3173.757,3189.052,3165.542,3189.052,62167640.0,3189.052
2016-08-01,3196.425,3199.975,3156.748,3176.809,87003496.0,3176.809
2016-07-29,3217.192,3225.418,3198.683,3203.93,88044840.0,3203.93
2016-07-28,3204.464,3235.781,3195.269,3221.136,112779968.0,3221.136
2016-07-27,3270.083,3276.511,3157.409,3218.243,160188672.0,3218.243
2016-07-26,3228.234,3269.745,3228.007,3269.588,81051088.0,3269.588
2016-07-25,3220.165,3243.79,3218.141,3230.885,70203184.0,3230.885
2016-07-22,3251.242,3253.769,3220.893,3225.162,86029128.0,3225.162
2016-07-21,3238.336,3271.373,3238.303,3252.522,86004824.0,3252.522
2016-07-20,3246.862,3254.507,3232.256,3237.605,72701256.0,3237.605
2016-07-19,3260.434,3264.73,3226.198,3248.234,88886864.0,3248.234
2016-07-18,3269.707,3281.637,3251.765,3262.022,110312520.0,3262.022
2016-07-15,3278.835,3285.026,3265.29,3276.277,102665024.0,3276.277
2016-07-14,3277.481,3281.95,3259.065,3276.763,107525800.0,3276.763
2016-07-13,3274.02,3300.991,3271.775,3282.868,175196096.0,3282.868
2016-07-12,3201.906,3273.473,3200.303,3273.182,172534224.0,3273.182
2016-07-11,3199.038,3235.962,3197.625,3203.329,138529504.0,3203.329
2016-07-08,3199.754,3204.928,3183.959,3192.28,89734856.0,3192.28
2016-07-07,3206.55,3220.54,3190.123,3209.954,118595200.0,3209.954
2016-07-06,3197.624,3217.515,3183.451,3216.803,124897456.0,3216.803
2016-07-05,3199.157,3216.702,3197.995,3207.382,130226896.0,3207.382
2016-07-04,3136.385,3210.601,3134.023,3204.696,133310528.0,3204.696
2016-07-01,3156.932,3170.258,3148.294,3154.2,71746280.0,3154.2
2016-06-30,3152.833,3163.72,3148.198,3153.921,79692616.0,3153.921
2016-06-29,3142.484,3158.076,3139.132,3151.389,103723664.0,3151.389
2016-06-28,3107.397,3139.43,3099.701,3136.401,92024640.0,3136.401
2016-06-27,3065.128,3120.64,3064.966,3120.544,83267256.0,3120.544
2016-06-24,3110.646,3130.539,3033.965,3077.155,104792208.0,3077.155
2016-06-23,3129.72,3129.72,3102.481,3117.316,67751736.0,3117.316
2016-06-22,3100.449,3134.06,3096.991,3133.961,66487112.0,3133.961
2016-06-21,3124.898,3155.492,3097.94,3106.317,87965344.0,3106.317
2016-06-20,3114.906,3118.725,3089.712,3112.674,63587140.0,3112.674
2016-06-17,3096.09,3131.048,3096.09,3110.357,85402984.0,3110.357
2016-06-16,3104.361,3112.475,3089.477,3094.674,82974704.0,3094.674
2016-06-15,3043.957,3128.673,3042.232,3116.368,87393256.0,3116.368
2016-06-14,3058.443,3078.749,3055.655,3075.983,66279456.0,3075.983
2016-06-13,3134.045,3145.605,3065.767,3066.341,92975944.0,3066.341
2016-06-08,3171.813,3174.971,3148.351,3163.986,76291776.0,3163.986
2016-06-07,3182.437,3186.616,3168.179,3177.053,68928312.0,3177.053
2016-06-06,3192.779,3197.22,3168.554,3178.788,76693752.0,3178.788
2016-06-03,3172.946,3201.749,3162.088,3189.325,101491784.0,3189.325
2016-06-02,3158.025,3168.824,3151.065,3167.099,86003424.0,3167.099
2016-06-01,3172.961,3181.792,3159.817,3160.547,113148480.0,3160.547
2016-05-31,3068.596,3170.926,3068.596,3169.559,138863104.0,3169.559
2016-05-30,3056.313,3075.261,3037.664,3066.709,63098580.0,3066.709
2016-05-27,3059.732,3073.756,3052.179,3062.499,60468752.0,3062.499
2016-05-26,3056.6,3072.524,3027.444,3064.211,60392980.0,3064.211
2016-05-25,3079.748,3089.102,3054.869,3059.225,56652804.0,3059.225
2016-05-24,3083.244,3083.257,3052.59,3063.555,58734384.0,3063.555
2016-05-23,3078.515,3098.478,3076.503,3087.222,59697216.0,3087.222
2016-05-20,3047.777,3078.531,3041.516,3078.218,56080840.0,3078.218
2016-05-19,3060.342,3086.977,3058.145,3062.5,60444168.0,3062.5
2016-05-18,3071.529,3072.612,3039.461,3068.035,82715368.0,3068.035
2016-05-17,3095.522,3105.201,3073.459,3086.024,65278124.0,3086.024
2016-05-16,3064.526,3095.555,3053.661,3095.308,59461856.0,3095.308
2016-05-13,3081.679,3103.095,3064.691,3074.935,62629756.0,3074.935
2016-05-12,3059.383,3095.348,3035.022,3090.137,78765728.0,3090.137
2016-05-11,3080.636,3102.876,3063.088,3082.808,81794256.0,3082.808
2016-05-10,3055.211,3084.724,3055.183,3069.112,68849936.0,3069.112
2016-05-09,3115.43,3115.43,3055.005,3065.615,99230480.0,3065.615
2016-05-06,3213.136,3216.893,3130.147,3130.354,108680240.0,3130.354
2016-05-05,3204.169,3217.282,3196.566,3213.92,74733680.0,3213.92
2016-05-04,3203.465,3222.882,3198.292,3209.461,90862408.0,3209.461
2016-05-03,3159.823,3218.485,3151.405,3213.54,98164832.0,3213.54
2016-04-29,3153.537,3171.289,3149.397,3156.745,58029776.0,3156.745
2016-04-28,3169.333,3174.766,3135.643,3160.581,69870656.0,3160.581
2016-04-27,3181.931,3188.826,3162.691,3165.916,60004148.0,3165.916
2016-04-26,3159.771,3181.095,3150.404,3179.161,59020736.0,3179.161
2016-04-25,3164.738,3172.269,3137.113,3162.033,67519352.0,3162.033
2016-04-22,3142.561,3175.38,3137.993,3174.901,77078496.0,3174.901
2016-04-21,3160.796,3198.557,3150.94,3160.603,104752648.0,3160.603
2016-04-20,3244.142,3248.422,3107.369,3181.026,162207856.0,3181.026
2016-04-19,3243.971,3250.725,3221.577,3238.303,80871440.0,3238.303
2016-04-18,3252.671,3252.671,3221.662,3228.453,97090072.0,3228.453
2016-04-15,3279.857,3282.985,3261.73,3272.205,99807528.0,3272.205
2016-04-14,3277.098,3286.072,3252.05,3275.832,113157328.0,3275.832
2016-04-13,3237.858,3296.523,3237.858,3261.383,195613872.0,3261.383
2016-04-12,3227.367,3232.264,3198.903,3218.45,92869440.0,3218.45
2016-04-11,3213.507,3251.572,3213.507,3230.096,125212712.0,3230.096
2016-04-08,3189.846,3197.774,3163.305,3185.726,101005624.0,3185.726
2016-04-07,3266.288,3270.82,3208.644,3209.29,112409464.0,3209.29
2016-04-06,3250.522,3267.64,3236.196,3257.528,120196304.0,3257.528
2016-04-05,3211.305,3271.93,3205.207,3264.486,146047776.0,3264.486
2016-04-01,3213.674,3222.612,3165.856,3221.895,118122136.0,3221.895
2016-03-31,3229.2,3241.927,3208.665,3218.088,121552072.0,3218.088
2016-03-30,3161.289,3216.676,3161.289,3216.275,117802512.0,3216.275
2016-03-29,3171.314,3178.075,3122.761,3135.41,97294744.0,3135.41
2016-03-28,3206.953,3229.624,3161.878,3169.728,103441936.0,3169.728
2016-03-25,3176.81,3204.442,3174.318,3197.817,97395328.0,3197.817
2016-03-24,3211.496,3221.906,3181.813,3181.851,133131120.0,3181.851
2016-03-23,3217.729,3242.247,3202.976,3236.092,125679288.0,3236.092
2016-03-22,3231.615,3249.677,3218.728,3225.79,161020896.0,3225.79
2016-03-21,3203.293,3267.775,3198.361,3249.437,233269472.0,3249.437
2016-03-18,3136.223,3197.668,3130.102,3171.963,197302560.0,3171.963
2016-03-17,3096.808,3147.841,3077.572,3124.204,121661776.0,3124.204
2016-03-16,3068.866,3100.352,3064.521,3090.033,124736448.0,3090.033
2016-03-15,3061.343,3077.085,3028.578,3074.78,98311944.0,3074.78
2016-03-14,3039.569,3106.8,3034.0,3065.69,117108656.0,3065.69
2016-03-11,2990.214,3026.437,2982.172,3018.284,73333568.0,3018.284
2016-03-10,3056.21,3074.16,3012.691,3013.146,76072200.0,3013.146
2016-03-09,3045.924,3072.916,3020.134,3071.907,111466248.0,3071.907
2016-03-08,3100.149,3109.25,3001.829,3107.673,136235744.0,3107.673
2016-03-07,3108.999,3130.903,3083.584,3104.84,132462040.0,3104.84
2016-03-04,3047.537,3101.656,3032.424,3093.89,219172528.0,3093.89
2016-03-03,3050.389,3078.444,3040.246,3058.422,173105744.0,3058.422
2016-03-02,2933.921,3054.724,2933.116,3051.333,175972352.0,3051.333
2016-03-01,2881.335,2950.436,2863.323,2930.694,116045920.0,2930.694
2016-02-29,2939.58,2939.875,2821.215,2877.467,129341024.0,2877.467
2016-02-26,2942.095,2964.385,2902.948,2948.031,106949728.0,2948.031
2016-02-25,3104.41,3104.436,2905.457,2918.75,157829760.0,2918.75
2016-02-24,3077.606,3109.545,3055.251,3109.545,111782648.0,3109.545
2016-02-23,3117.203,3119.221,3061.429,3089.363,112567392.0,3089.363
2016-02-22,3083.933,3128.207,3071.329,3118.868,140946976.0,3118.868
2016-02-19,3047.942,3065.968,3032.634,3051.585,87338016.0,3051.585
2016-02-18,3079.527,3093.513,3049.841,3053.699,124401464.0,3053.699
2016-02-17,3034.09,3065.785,3027.046,3063.32,128291608.0,3063.32
2016-02-16,2962.187,3042.089,2962.187,3037.035,112579640.0,3037.035
2016-02-15,2888.428,2961.493,2886.018,2946.707,72919432.0,2946.707
2016-02-05,2982.056,2988.36,2962.847,2963.789,76850808.0,2963.789
2016-02-04,2960.334,2999.206,2960.207,2984.76,91779728.0,2984.76
2016-02-03,2931.288,2954.71,2909.898,2948.639,77389000.0,2948.639
2016-02-02,2901.528,2972.426,2901.512,2961.334,88601960.0,2961.334
2016-02-01,2939.04,2944.517,2869.561,2901.048,86795344.0,2901.048
2016-01-29,2855.598,2965.309,2854.371,2946.09,113304256.0,2946.09
2016-01-28,2909.334,2941.887,2841.844,2853.756,99222752.0,2853.756
2016-01-27,2953.183,2963.544,2839.29,2930.352,132229368.0,2930.352
2016-01-26,3099.596,3106.53,2934.647,2940.509,126933920.0,2940.509
2016-01-25,3129.028,3149.332,3105.1,3128.886,81540064.0,3128.886
2016-01-22,3114.895,3132.171,3053.958,3113.463,89951088.0,3113.463
2016-01-21,3136.384,3202.538,3081.345,3081.345,111189736.0,3081.345
2016-01-20,3204.218,3225.95,3154.426,3174.378,130650504.0,3174.378
2016-01-19,3132.705,3227.908,3119.216,3223.125,127653896.0,3223.125
2016-01-18,3068.235,3165.616,3066.727,3130.729,101128384.0,3130.729
2016-01-15,3200.888,3216.798,3101.052,3118.73,124601776.0,3118.73
2016-01-14,3076.645,3226.658,3072.039,3221.571,134537664.0,3221.571
2016-01-13,3240.484,3257.295,3155.879,3155.879,120666496.0,3155.879
2016-01-12,3214.823,3242.253,3174.55,3215.71,128225792.0,3215.71
2016-01-11,3303.125,3342.481,3192.45,3192.45,174638384.0,3192.45
2016-01-08,3371.871,3418.851,3237.931,3361.563,185959456.0,3361.563
2016-01-07,3481.15,3481.15,3284.737,3294.384,44102640.0,3294.384
2016-01-06,3482.406,3543.739,3468.467,3539.808,145966144.0,3539.808
2016-01-05,3382.177,3518.217,3377.28,3478.78,162116992.0,3478.78
2016-01-04,3725.856,3726.245,3468.949,3469.066,115370672.0,3469.066
2015-12-31,3760.904,3772.617,3727.325,3731.005,101873552.0,3731.005
2015-12-30,3762.914,3765.657,3726.278,3765.175,105629952.0,3765.175
2015-12-29,3723.05,3762.052,3710.48,3761.875,101885552.0,3761.875
2015-12-28,3847.532,3853.389,3727.632,3727.632,153988448.0,3727.632
2015-12-25,3832.085,3848.025,3813.204,3838.201,119624016.0,3838.201
2015-12-24,3858.135,3867.679,3787.084,3829.402,147181392.0,3829.402
2015-12-23,3877.872,3926.686,3862.965,3866.381,207017152.0,3866.381
2015-12-22,3872.098,3880.468,3841.593,3876.733,180303664.0,3876.733
2015-12-21,3762.097,3877.82,3759.989,3865.965,217435280.0,3865.965
2015-12-18,3754.96,3810.218,3750.925,3767.913,173465984.0,3767.913
2015-12-17,3712.783,3768.844,3709.851,3755.888,177924080.0,3755.888
2015-12-16,3703.95,3713.09,3677.45,3685.44,111342720.0,3685.44
2015-12-15,3707.73,3717.357,3679.23,3694.389,126481712.0,3694.389
2015-12-14,3573.884,3712.503,3570.998,3711.322,151769120.0,3711.322
2015-12-11,3605.372,3630.744,3578.146,3608.059,110322480.0,3608.059
2015-12-10,3634.366,3678.318,3615.991,3623.084,120215624.0,3623.084
2015-12-09,3613.42,3655.159,3611.49,3635.938,113325424.0,3635.938
2015-12-08,3668.839,3668.839,3619.445,3623.02,125781080.0,3623.02
2015-12-07,3681.582,3699.337,3658.578,3687.607,113883152.0,3687.607
2015-12-04,3719.734,3726.124,3667.291,3677.592,151199520.0,3677.592
2015-12-03,3709.547,3758.446,3693.137,3749.299,197762128.0,3749.299
2015-12-02,3587.758,3725.854,3573.403,3721.955,213538864.0,3721.955
2015-12-01,3562.319,3617.305,3536.116,3591.696,136536560.0,3591.696
2015-11-30,3554.89,3587.97,3455.068,3566.412,173201168.0,3566.412
2015-11-27,3739.096,3742.742,3534.39,3556.992,208939360.0,3556.992
2015-11-26,3795.245,3805.844,3756.823,3759.429,173525472.0,3759.429
2015-11-25,3747.759,3781.857,3735.716,3781.607,151944944.0,3781.607
2015-11-24,3745.761,3754.169,3702.737,3753.889,143383280.0,3753.889
2015-11-23,3774.436,3802.851,3743.405,3753.335,175626816.0,3753.335
2015-11-20,3778.884,3793.545,3757.026,3774.383,186951696.0,3774.383
2015-11-19,3725.622,3775.232,3714.675,3774.969,154631984.0,3774.969
2015-11-18,3760.456,3771.847,3706.31,3715.58,185689488.0,3715.58
2015-11-17,3790.426,3852.774,3750.157,3758.387,248533072.0,3758.387
2015-11-16,3682.735,3764.409,3680.073,3764.126,161690896.0,3764.126
2015-11-13,3756.204,3793.713,3727.585,3746.242,203489888.0,3746.242
2015-11-12,3841.738,3843.9,3771.274,3795.324,217537648.0,3795.324
2015-11-11,3828.448,3843.112,3781.41,3833.646,232234304.0,3833.646
2015-11-10,3806.669,3876.49,3798.821,3833.238,286519616.0,3833.238
2015-11-09,3796.379,3891.773,3796.379,3840.355,356804832.0,3840.355
2015-11-06,3698.342,3801.705,3694.657,3793.374,298753088.0,3793.374
2015-11-05,3630.782,3781.409,3627.301,3705.97,398046560.0,3705.97
2015-11-04,3477.159,3628.538,3477.159,3628.538,205423872.0,3628.538
2015-11-03,3484.722,3501.704,3452.62,3465.493,101401872.0,3465.493
2015-11-02,3489.225,3543.45,3474.712,3475.962,130002568.0,3475.962
2015-10-30,3530.223,3574.473,3497.568,3534.079,139141920.0,3534.079
2015-10-29,3539.978,3561.814,3507.966,3533.307,127010448.0,3533.307
2015-10-28,3575.805,3598.172,3517.21,3524.92,170977104.0,3524.92
2015-10-27,3569.449,3601.053,3486.102,3592.879,192056144.0,3592.879
2015-10-26,3614.702,3620.756,3561.192,3589.261,204248864.0,3589.261
2015-10-23,3536.843,3581.836,3515.822,3571.241,198294480.0,3571.241
2015-10-22,3453.201,3530.766,3442.307,3524.534,184305584.0,3524.534
2015-10-21,3580.838,3601.243,3417.412,3473.254,282076064.0,3473.254
2015-10-20,3527.875,3577.798,3510.437,3577.703,179025104.0,3577.703
2015-10-19,3548.953,3572.995,3502.505,3534.182,207606752.0,3534.182
2015-10-16,3508.518,3537.539,3487.104,3534.065,208964704.0,3534.065
2015-10-15,3403.389,3486.815,3402.316,3486.815,171158304.0,3486.815
2015-10-14,3431.135,3458.702,3403.231,3406.112,152173936.0,3406.112
2015-10-13,3422.477,3452.045,3413.967,3445.043,145433792.0,3445.043
2015-10-12,3351.139,3486.631,3347.251,3447.693,221400464.0,3447.693
2015-10-09,3302.36,3352.379,3293.965,3340.116,124352496.0,3340.116
2015-10-08,3324.981,3337.331,3294.605,3296.482,132081768.0,3296.482
2015-10-07,3195.901,3223.908,3186.767,3202.948,78559352.0,3202.948
2015-09-30,3195.901,3223.908,3186.767,3202.948,78559352.0,3202.948
2015-09-29,3197.221,3208.417,3159.042,3178.854,87150632.0,3178.854
2015-09-28,3226.607,3246.554,3186.507,3242.752,74219472.0,3242.752
2015-09-25,3272.665,3290.858,3201.914,3231.951,121419280.0,3231.951
2015-09-24,3278.896,3300.857,3255.902,3284.999,102011240.0,3284.999
2015-09-23,3290.071,3315.935,3253.333,3263.028,123171440.0,3263.028
2015-09-22,3312.366,3371.414,3303.184,3339.03,146221984.0,3339.03
2015-09-21,3222.603,3312.55,3211.934,3308.247,122788672.0,3308.247
2015-09-18,3254.443,3280.877,3227.834,3251.273,106903480.0,3251.273
2015-09-17,3287.657,3354.905,3236.999,3236.999,169401888.0,3236.999
2015-09-16,3149.158,3345.918,3131.37,3309.248,159710000.0,3309.248
2015-09-15,3208.744,3240.079,3131.98,3152.232,143555648.0,3152.232
2015-09-14,3367.642,3373.921,3187.566,3281.132,205457248.0,3281.132
2015-09-11,3349.877,3383.134,3315.478,3347.188,108547504.0,3347.188
2015-09-10,3349.281,3398.316,3337.311,3357.561,144882976.0,3357.561
2015-09-09,3344.824,3426.651,3330.29,3399.305,220467424.0,3399.305
2015-09-08,3221.789,3340.219,3170.807,3334.023,154599632.0,3334.023
2015-09-07,3347.293,3422.225,3240.243,3250.485,204224432.0,3250.485
2015-09-02,3220.851,3387.02,3213.637,3365.832,347789408.0,3365.832
2015-09-01,3296.529,3370.504,3190.578,3362.083,352458528.0,3362.083
2015-08-31,3307.396,3368.279,3205.537,3366.536,280250400.0,3366.536
2015-08-28,3246.236,3353.244,3223.622,3342.286,299498432.0,3342.286
2015-08-27,3092.812,3206.724,3028.398,3205.638,267294928.0,3205.638
2015-08-26,3062.566,3192.932,2952.008,3025.692,308270624.0,3025.692
2015-08-25,3070.007,3200.108,3019.556,3042.927,276081312.0,3042.927
2015-08-24,3454.598,3468.149,3266.55,3275.534,255436656.0,3275.534
2015-08-21,3714.289,3757.779,3578.175,3589.536,217986400.0,3589.536
2015-08-20,3848.403,3880.824,3761.454,3761.454,212167968.0,3761.454
2015-08-19,3748.266,3898.74,3668.192,3886.136,269049824.0,3886.136
2015-08-18,4084.311,4103.054,3816.554,3825.412,319881056.0,3825.412
2015-08-17,4058.113,4081.772,4009.99,4077.872,256939632.0,4077.872
2015-08-14,4097.918,4113.159,4056.727,4073.54,253392992.0,4073.54
2015-08-13,4010.013,4075.7,3967.821,4075.463,242836976.0,4075.463
2015-08-12,4025.674,4078.03,4015.355,4016.126,255146192.0,4016.126
2015-08-11,4083.589,4110.133,4042.004,4066.669,322034176.0,4066.669
2015-08-10,3947.472,4101.731,3932.842,4084.365,306780544.0,4084.365
2015-08-07,3866.43,3926.649,3857.908,3906.945,183349152.0,3906.945
2015-08-06,3802.928,3888.693,3793.237,3831.852,147278688.0,3831.852
2015-08-05,3937.623,3962.277,3858.66,3866.9,200484272.0,3866.9
2015-08-04,3827.373,3948.449,3801.028,3948.155,220236560.0,3948.155
2015-08-03,3766.072,3829.235,3742.578,3829.235,245805024.0,3829.235
2015-07-31,3777.155,3863.624,3757.989,3816.699,222376768.0,3816.699
2015-07-30,3915.78,3968.534,3802.882,3815.412,271548672.0,3815.412
2015-07-29,3839.959,3934.003,3769.189,3930.379,276972832.0,3930.379
2015-07-28,3690.974,3883.446,3627.421,3811.093,383527232.0,3811.093
2015-07-27,4097.796,4156.313,3817.169,3818.731,365054496.0,3818.731
2015-07-24,4255.198,4299.65,4154.617,4176.279,392045376.0,4176.279
2015-07-23,4158.932,4262.062,4148.824,4250.805,354471744.0,4250.805
2015-07-22,4148.56,4187.431,4094.712,4157.16,318945984.0,4157.16
2015-07-21,4109.761,4201.482,4081.704,4166.006,318374944.0,4166.006
2015-07-20,4157.06,4221.693,4106.389,4160.612,352673472.0,4160.612
2015-07-17,4023.757,4190.186,4000.231,4151.496,331107136.0,4151.496
2015-07-16,3949.639,4067.022,3856.321,3997.356,330531360.0,3997.356
2015-07-15,4068.88,4114.243,3899.508,3966.759,421956352.0,3966.759
2015-07-14,4178.63,4258.513,4062.5,4112.149,454422016.0,4112.149
2015-07-13,4132.231,4278.161,4072.43,4211.812,502092192.0,4211.812
2015-07-10,3916.272,4179.111,3887.551,4106.556,500701792.0,4106.556
2015-07-09,3621.68,3930.264,3537.826,3897.626,503870624.0,3897.626
2015-07-08,3651.06,3762.622,3612.254,3663.038,581467072.0,3663.038
2015-07-07,3877.854,3960.636,3743.624,3928.003,679385024.0,3928.003
2015-07-06,4218.266,4218.266,3832.468,3998.537,648094528.0,3998.537
2015-07-03,4017.202,4164.629,3785.902,3885.917,429300864.0,3885.917
2015-07-02,4287.734,4312.19,4000.061,4107.996,457062208.0,4107.996
2015-07-01,4408.984,4526.127,4235.696,4253.021,431721408.0,4253.021
2015-06-30,4161.067,4475.767,4016.013,4472.998,527045280.0,4472.998
2015-06-29,4446.842,4451.166,4000.926,4191.549,525662496.0,4191.549
2015-06-26,4573.872,4650.186,4278.675,4336.195,446639776.0,4336.195
2015-06-25,4906.242,4919.263,4667.224,4706.516,446135968.0,4706.516
2015-06-24,4811.595,4883.732,4744.306,4880.126,434638720.0,4880.126
2015-06-23,4641.425,4786.955,4455.33,4786.091,365087936.0,4786.091
2015-06-19,4847.057,4910.45,4634.691,4637.052,358104736.0,4637.052
2015-06-18,5107.695,5121.218,4926.429,4930.549,364395808.0,4930.549
2015-06-17,5072.306,5158.367,4949.293,5138.831,397124192.0,5138.831
2015-06-16,5165.025,5204.303,5015.265,5064.821,411675648.0,5064.821
2015-06-15,5354.014,5362.452,5207.308,5221.167,475745696.0,5221.167
2015-06-12,5329.278,5351.648,5283.086,5335.115,430131392.0,5335.115
2015-06-11,5305.141,5329.295,5248.163,5306.59,392338752.0,5306.59
2015-06-10,5254.304,5374.83,5209.68,5309.112,442165664.0,5309.112
2015-06-09,5379.47,5380.426,5251.208,5317.461,570427264.0,5317.461
2015-06-08,5259.408,5370.609,5202.595,5353.751,637313216.0,5353.751
2015-06-05,5254.905,5288.34,5104.178,5230.552,545961216.0,5230.552
2015-06-04,5156.012,5194.233,4863.465,5181.416,482767264.0,5181.416
2015-06-03,5176.597,5186.967,5059.495,5143.59,414258272.0,5143.59
2015-06-02,5091.272,5162.556,5047.081,5161.87,412973184.0,5161.87
2015-06-01,4862.756,5079.319,4835.774,5076.179,417503744.0,5076.179
2015-05-29,4839.53,4924.303,4665.521,4840.829,427878848.0,4840.829
2015-05-28,5174.101,5213.183,4831.329,4834.007,571829056.0,4834.007
2015-05-27,5216.17,5226.844,5126.861,5181.434,470798720.0,5181.434
2015-05-26,5140.798,5199.295,5063.146,5198.918,487949344.0,5198.918
2015-05-25,4949.11,5099.839,4949.11,5099.495,465736576.0,5099.495
2015-05-22,4895.925,4951.991,4870.598,4951.335,455846720.0,4951.335
2015-05-21,4768.689,4841.615,4746.029,4840.976,305054528.0,4840.976
2015-05-20,4751.572,4843.1,4745.21,4754.919,363180736.0,4754.919
2015-05-19,4577.637,4740.005,4577.637,4731.222,314785952.0,4731.222
2015-05-18,4582.058,4623.383,4565.061,4575.14,269180480.0,4575.14
2015-05-15,4690.755,4690.755,4592.05,4617.47,328431168.0,4617.47
2015-05-14,4717.955,4735.284,4670.168,4700.778,337725152.0,4700.778
2015-05-13,4746.713,4758.002,4678.845,4718.436,370730432.0,4718.436
2015-05-12,4692.122,4748.004,4660.016,4747.421,377053888.0,4747.421
2015-05-11,4582.091,4690.954,4535.149,4690.532,373838432.0,4690.532
2015-05-08,4515.554,4559.058,4445.592,4558.404,302407968.0,4558.404
2015-05-07,4520.818,4546.338,4467.459,4470.089,297759200.0,4470.089
2015-05-06,4626.231,4700.909,4511.761,4553.327,376073696.0,4553.327
2015-05-05,4785.192,4785.192,4572.983,4596.837,460419616.0,4596.837
2015-05-04,4757.637,4795.915,4699.398,4787.741,377843840.0,4787.741
2015-04-30,4788.412,4818.725,4749.485,4749.886,399727456.0,4749.886
2015-04-29,4722.903,4797.927,4695.793,4774.326,395056992.0,4774.326
2015-04-28,4811.319,4839.078,4703.567,4741.861,608638528.0,4741.861
2015-04-27,4753.871,4810.485,4735.31,4807.592,513076544.0,4807.592
2015-04-24,4682.626,4730.43,4618.318,4702.641,480152928.0,4702.641
2015-04-23,4764.481,4782.044,4693.967,4740.892,497430944.0,4740.892
2015-04-22,4637.055,4740.933,4632.589,4739.814,516213792.0,4739.814
2015-04-21,4520.461,4620.058,4504.558,4619.164,490314976.0,4619.164
2015-04-20,4615.034,4671.168,4492.6,4521.919,686439104.0,4521.919
2015-04-17,4578.679,4630.27,4553.904,4596.136,552802688.0,4596.136
2015-04-16,4355.491,4513.765,4335.63,4513.546,422603744.0,4513.546
2015-04-15,4439.314,4475.997,4379.609,4380.513,472154144.0,4380.513
2015-04-14,4432.126,4474.353,4385.908,4438.184,434432128.0,4438.184
2015-04-13,4394.047,4432.024,4361.589,4421.073,434153024.0,4421.073
2015-04-10,4249.383,4351.687,4231.196,4344.416,348190176.0,4344.416
2015-04-09,4316.958,4332.166,4212.611,4262.138,439699904.0,4262.138
2015-04-08,4277.45,4304.78,4204.826,4295.803,458676704.0,4295.803
2015-04-07,4213.894,4260.471,4197.019,4260.044,415362656.0,4260.044
2015-04-03,4104.672,4170.558,4092.383,4170.538,321303776.0,4170.538
2015-04-02,4149.946,4156.842,4068.649,4124.776,339070496.0,4124.776
2015-04-01,4057.501,4139.499,4046.939,4123.895,329512864.0,4123.895
2015-03-31,4138.885,4166.018,4037.771,4051.204,436065632.0,4051.204
2015-03-30,3999.024,4101.651,3999.024,4088.178,428297024.0,4088.178
2015-03-27,3957.542,3993.032,3932.87,3971.697,298756064.0,3971.697
2015-03-26,3921.745,3991.997,3892.878,3949.999,346756320.0,3949.999
2015-03-25,3961.578,3980.716,3913.988,3940.412,379968864.0,3940.412
2015-03-24,3980.066,3989.858,3883.782,3973.046,468581312.0,3973.046
2015-03-23,3923.083,3972.296,3922.21,3972.061,391119936.0,3972.061
2015-03-20,3852.492,3916.863,3832.416,3892.574,401817536.0,3892.574
2015-03-19,3851.249,3859.126,3809.706,3839.739,391547616.0,3839.739
2015-03-18,3769.086,3846.055,3763.848,3846.055,415190016.0,3846.055
2015-03-17,3733.961,3762.575,3716.809,3757.122,371625664.0,3757.122
2015-03-16,3641.773,3705.739,3621.119,3705.671,275438304.0,3705.671
2015-03-13,3604.671,3641.392,3594.742,3617.657,246864768.0,3617.657
2015-03-12,3557.686,3603.341,3536.534,3592.844,265664624.0,3592.844
2015-03-11,3524.575,3568.916,3512.218,3524.653,188947824.0,3524.653
2015-03-10,3523.64,3551.205,3511.985,3520.611,194267664.0,3520.611
2015-03-09,3449.696,3546.705,3417.486,3537.75,233940416.0,3537.75
2015-03-06,3501.184,3516.243,3472.392,3478.52,181518048.0,3478.52
2015-03-05,3513.249,3517.083,3467.676,3496.344,217508800.0,3496.344
2015-03-04,3514.667,3540.912,3497.172,3530.822,199663984.0,3530.822
2015-03-03,3579.315,3579.315,3504.201,3507.9,261866496.0,3507.9
2015-03-02,3603.452,3608.691,3566.527,3601.265,248176128.0,3601.265
2015-02-27,3565.233,3594.813,3560.455,3572.843,222786432.0,3572.843
2015-02-26,3473.713,3569.33,3456.871,3566.295,229328432.0,3566.295
2015-02-25,3529.55,3529.55,3463.955,3478.729,165539344.0,3478.729
2015-02-24,3511.544,3536.82,3511.093,3522.322,165328320.0,3522.322
2015-02-17,3511.544,3536.82,3511.093,3522.322,165328320.0,3522.322
2015-02-16,3473.289,3504.475,3466.607,3499.483,165641344.0,3499.483
2015-02-13,3458.827,3509.505,3452.079,3469.828,201089968.0,3469.828
2015-02-12,3435.361,3453.582,3405.627,3442.874,156081696.0,3442.874
2015-02-11,3415.977,3445.655,3412.136,3434.124,144613776.0,3434.124
2015-02-10,3345.077,3407.18,3339.548,3406.943,159309088.0,3406.943
2015-02-09,3305.734,3376.526,3298.597,3345.921,172353824.0,3345.921
2015-02-06,3352.33,3374.051,3285.935,3312.42,192664192.0,3312.42
2015-02-05,3487.951,3487.951,3366.862,3366.946,250430608.0,3366.946
2015-02-04,3446.144,3476.817,3399.565,3401.768,191304352.0,3401.768
2015-02-03,3388.602,3441.709,3360.717,3437.445,192846096.0,3437.445
2015-02-02,3360.193,3407.256,3347.085,3353.96,195183696.0,3353.96
2015-01-30,3496.885,3514.217,3431.936,3434.39,196479152.0,3434.39
2015-01-29,3474.915,3505.582,3453.901,3481.798,211618864.0,3481.798
2015-01-28,3547.239,3583.312,3512.393,3525.323,216220208.0,3525.323
2015-01-27,3614.038,3616.258,3510.017,3574.931,287669184.0,3574.931
2015-01-26,3580.118,3611.617,3559.376,3607.985,239766208.0,3607.985
2015-01-23,3582.088,3627.806,3548.626,3571.732,280172160.0,3571.732
2015-01-22,3551.052,3576.756,3520.053,3567.613,268853600.0,3567.613
2015-01-21,3420.491,3557.794,3409.43,3548.885,337928224.0,3548.885
2015-01-20,3336.793,3419.204,3325.681,3396.222,297843232.0,3396.222
2015-01-19,3414.013,3497.252,3330.981,3355.155,329505280.0,3355.155
2015-01-16,3616.248,3662.158,3601.258,3635.146,282681600.0,3635.146
2015-01-15,3501.719,3604.121,3482.27,3604.121,237812336.0,3604.121
2015-01-14,3522.907,3547.242,3471.56,3502.423,196012512.0,3502.423
2015-01-13,3506.451,3550.158,3494.768,3514.04,187153968.0,3514.04
2015-01-12,3531.515,3560.527,3461.322,3513.576,266567168.0,3513.576
2015-01-09,3547.574,3689.753,3536.395,3546.723,349982656.0,3546.723
2015-01-08,3650.073,3659.945,3552.1,3559.259,295003040.0,3559.259
2015-01-07,3620.924,3671.19,3601.698,3643.79,320191232.0,3643.79
2015-01-06,3608.428,3683.226,3587.231,3641.059,420962176.0,3641.059
2015-01-05,3566.089,3669.042,3551.51,3641.541,451198112.0,3641.541
2014-12-31,3462.389,3542.34,3452.498,3533.705,345934752.0,3533.705
2014-12-30,3450.814,3491.826,3422.174,3457.554,328233888.0,3457.554
2014-12-29,3502.183,3524.28,3405.836,3455.455,425015040.0,3455.455
2014-12-26,3343.64,3453.338,3335.012,3445.839,384614112.0,3445.839
2014-12-25,3254.48,3335.779,3226.322,3335.419,309799552.0,3335.419
2014-12-24,3332.146,3340.357,3188.495,3230.385,317449600.0,3230.385
2014-12-23,3358.798,3431.779,3316.913,3324.924,369736096.0,3324.924
2014-12-22,3396.251,3455.207,3357.661,3394.481,549801664.0,3394.481
2014-12-19,3345.629,3397.183,3280.916,3383.167,411211584.0,3383.167
2014-12-18,3359.09,3393.711,3322.229,3345.927,355970208.0,3345.927
2014-12-17,3325.82,3368.194,3275.736,3360.598,448140768.0,3360.598
2014-12-16,3221.358,3303.402,3207.688,3303.402,358123840.0,3303.402
2014-12-15,3176.829,3226.221,3143.297,3217.228,290193824.0,3217.228
2014-12-12,3182.923,3239.447,3167.928,3193.227,301065312.0,3193.227
2014-12-11,3185.161,3254.424,3158.443,3183.012,367091680.0,3183.012
2014-12-10,3120.212,3229.047,3058.191,3221.546,425018720.0,3221.546
2014-12-09,3233.097,3387.827,3074.516,3106.913,632874560.0,3106.913
2014-12-08,3108.272,3270.881,3075.7,3252.881,484462336.0,3252.881
2014-12-05,3143.968,3195.798,3011.936,3124.885,524881248.0,3124.885
2014-12-04,2975.403,3104.89,2968.876,3104.351,426812928.0,3104.351
2014-12-03,2936.124,3028.225,2912.246,2967.549,466156672.0,2967.549
2014-12-02,2807.338,2944.506,2804.293,2923.94,361465312.0,2923.94
2014-12-01,2825.611,2855.332,2808.653,2819.812,365487424.0,2819.812
2014-11-28,2753.925,2809.543,2740.374,2808.819,375323648.0,2808.819
2014-11-27,2737.03,2754.49,2718.704,2754.49,265464736.0,2754.49
2014-11-26,2695.263,2723.36,2690.31,2723.018,243962480.0,2723.018
2014-11-25,2650.085,2686.063,2643.843,2685.561,222611696.0,2685.561
2014-11-24,2614.16,2667.671,2602.944,2649.258,279839712.0,2649.258
2014-11-21,2537.538,2585.362,2530.032,2583.455,151028144.0,2583.455
2014-11-20,2528.78,2545.473,2522.836,2537.099,106149864.0,2537.099
2014-11-19,2538.233,2550.5,2531.318,2537.223,122146976.0,2537.223
2014-11-18,2565.273,2570.211,2534.927,2541.416,142941360.0,2541.416
2014-11-17,2613.513,2614.086,2565.943,2567.101,158478096.0,2567.101
2014-11-14,2569.211,2581.932,2557.666,2581.093,165049968.0,2581.093
2014-11-13,2597.389,2607.519,2567.463,2579.75,219815616.0,2579.75
2014-11-12,2545.403,2594.318,2539.601,2594.318,184686256.0,2594.318
2014-11-11,2578.438,2602.373,2532.572,2558.612,323711648.0,2558.612
2014-11-10,2529.83,2565.73,2514.71,2565.73,226599728.0,2565.73
2014-11-07,2508.765,2541.549,2489.419,2502.153,208760912.0,2502.153
2014-11-06,2505.167,2510.985,2482.983,2506.067,149651120.0,2506.067
2014-11-05,2516.87,2519.399,2499.228,2503.448,190491856.0,2503.448
2014-11-04,2511.036,2517.46,2498.605,2513.172,218247008.0,2513.172
2014-11-03,2515.824,2524.172,2502.06,2512.548,205801232.0,2512.548
2014-10-31,2473.501,2512.189,2466.504,2508.325,239172416.0,2508.325
2014-10-30,2450.361,2474.376,2443.759,2468.925,189626352.0,2468.925
2014-10-29,2423.813,2461.268,2415.703,2451.384,158584064.0,2451.384
2014-10-28,2373.155,2416.766,2373.155,2416.653,101523056.0,2416.653
2014-10-27,2377.542,2377.542,2361.68,2368.832,73862448.0,2368.832
2014-10-24,2397.848,2404.993,2385.725,2390.706,74974872.0,2390.706
2014-10-23,2415.44,2424.662,2392.532,2395.936,103491840.0,2395.936
2014-10-22,2434.886,2447.467,2417.562,2418.641,88656192.0,2418.641
2014-10-21,2453.406,2459.255,2432.552,2433.391,96241912.0,2433.391
2014-10-20,2448.453,2456.621,2441.896,2454.711,91435400.0,2454.711
2014-10-17,2443.222,2456.105,2410.401,2441.732,132759984.0,2441.732
2014-10-16,2448.968,2480.3,2441.822,2444.395,158166608.0,2444.395
2014-10-15,2444.538,2465.498,2431.188,2463.874,135801888.0,2463.874
2014-10-14,2451.094,2467.904,2436.336,2446.562,127393704.0,2446.562
2014-10-13,2457.412,2460.389,2430.546,2454.946,131593360.0,2454.946
2014-10-10,2472.096,2482.136,2457.684,2466.789,147634304.0,2466.789
2014-10-09,2480.197,2488.113,2461.112,2481.955,137923920.0,2481.955
2014-10-08,2460.87,2478.383,2445.268,2478.383,121953600.0,2478.383
2014-09-30,2452.166,2454.885,2444.204,2450.988,115804232.0,2450.988
2014-09-29,2443.91,2453.665,2435.611,2447.799,123401728.0,2447.799
2014-09-26,2430.808,2439.649,2420.499,2437.201,100299496.0,2437.201
2014-09-25,2453.423,2462.668,2429.587,2436.965,138661888.0,2436.965
2014-09-24,2391.419,2443.978,2387.07,2441.864,142713536.0,2441.864
2014-09-23,2379.521,2402.482,2379.521,2399.462,84033344.0,2399.462
2014-09-22,2419.326,2419.326,2374.108,2378.92,102240872.0,2378.92
2014-09-19,2409.313,2430.149,2402.313,2425.211,101813576.0,2425.211
2014-09-18,2396.379,2414.946,2389.622,2408.664,115926376.0,2408.664
2014-09-17,2395.361,2405.371,2379.091,2401.326,125269024.0,2401.326
2014-09-16,2440.339,2442.924,2386.98,2388.765,186742784.0,2388.765
2014-09-15,2433.001,2439.254,2418.959,2437.189,122247160.0,2437.189
2014-09-12,2418.752,2438.358,2412.622,2438.358,109160168.0,2438.358
2014-09-11,2430.678,2461.473,2417.269,2423.454,132982584.0,2423.454
2014-09-10,2435.593,2437.081,2422.646,2432.433,109175520.0,2432.433
2014-09-09,2452.227,2454.893,2437.078,2445.224,118194344.0,2445.224
2014-09-05,2433.174,2450.634,2427.987,2449.259,133551760.0,2449.259
2014-09-04,2411.934,2427.297,2404.082,2426.224,111272296.0,2426.224
2014-09-03,2389.694,2414.26,2389.679,2408.838,129734208.0,2408.838
2014-09-02,2359.862,2387.655,2349.949,2386.46,114436736.0,2386.46
2014-09-01,2340.925,2355.552,2338.53,2355.317,77320872.0,2355.317
2014-08-29,2317.304,2338.774,2313.262,2338.287,63211424.0,2338.287
2014-08-28,2328.059,2336.363,2309.639,2311.278,70490656.0,2311.278
2014-08-27,2323.79,2336.737,2322.885,2327.595,67676224.0,2327.595
2014-08-26,2339.6,2350.391,2317.184,2324.092,93844224.0,2324.092
2014-08-25,2367.019,2367.606,2338.455,2342.863,97373720.0,2342.863
2014-08-22,2352.316,2368.457,2350.986,2365.364,89823936.0,2365.364
2014-08-21,2365.731,2367.46,2333.299,2354.244,100690208.0,2354.244
2014-08-20,2371.649,2375.475,2360.837,2366.14,101288088.0,2366.14
2014-08-19,2378.886,2379.474,2358.965,2374.768,115850016.0,2374.768
2014-08-18,2366.272,2379.804,2361.197,2374.562,104509552.0,2374.562
2014-08-15,2337.985,2366.902,2333.123,2360.635,93592544.0,2360.635
2014-08-14,2357.198,2363.18,2334.08,2335.945,97969496.0,2335.945
2014-08-13,2358.459,2370.513,2335.694,2358.901,110447792.0,2358.901
2014-08-12,2361.17,2361.17,2344.716,2357.052,91822608.0,2357.052
2014-08-11,2338.008,2367.004,2337.014,2365.349,91601168.0,2365.349
2014-08-08,2329.184,2339.27,2319.288,2331.134,86739696.0,2331.134
2014-08-07,2363.608,2369.204,2326.268,2327.457,116729208.0,2327.457
2014-08-06,2358.206,2371.667,2334.334,2363.221,116341832.0,2363.221
2014-08-05,2376.797,2380.774,2353.795,2369.353,111861792.0,2369.353
2014-08-04,2336.63,2375.62,2332.138,2375.62,116713752.0,2375.62
2014-08-01,2341.227,2371.5,2328.966,2329.402,126317392.0,2329.402
2014-07-31,2321.967,2350.551,2316.585,2350.251,110987768.0,2350.251
2014-07-30,2324.69,2339.038,2316.058,2322.011,123022832.0,2322.011
2014-07-29,2326.038,2342.77,2316.217,2331.369,134269648.0,2331.369
2014-07-28,2272.383,2331.472,2272.383,2323.897,179869328.0,2323.897
2014-07-25,2243.067,2260.89,2239.066,2260.454,98972840.0,2260.454
2014-07-24,2199.833,2239.815,2199.833,2237.015,119435536.0,2237.015
2014-07-23,2191.394,2210.282,2190.555,2197.833,84213872.0,2197.833
2014-07-22,2162.436,2197.592,2162.236,2192.698,78542584.0,2192.698
2014-07-21,2164.223,2171.94,2158.955,2166.295,54172260.0,2166.295
2014-07-18,2147.663,2176.325,2145.446,2164.144,65473296.0,2164.144
2014-07-17,2166.831,2166.932,2147.084,2157.068,59453568.0,2157.068
2014-07-16,2172.824,2183.248,2166.774,2170.868,81560232.0,2170.868
2014-07-15,2170.089,2176.272,2165.206,2174.976,71815696.0,2174.976
2014-07-14,2149.542,2171.902,2145.278,2171.758,66158864.0,2171.758
2014-07-11,2136.317,2154.735,2134.795,2148.009,61374272.0,2148.009
2014-07-10,2146.601,2151.774,2139.522,2142.847,55732496.0,2142.847
2014-07-09,2178.135,2178.51,2148.26,2148.71,62022048.0,2148.71
2014-07-08,2174.828,2180.778,2163.359,2180.473,50743600.0,2180.473
2014-07-07,2178.546,2186.202,2171.083,2176.289,50242336.0,2176.289
2014-07-04,2180.445,2183.798,2174.073,2178.695,52851104.0,2178.695
2014-07-03,2169.003,2184.964,2164.843,2180.192,63690688.0,2180.192
2014-07-02,2163.998,2171.51,2155.609,2170.867,59685500.0,2170.867
2014-07-01,2169.199,2171.15,2157.133,2164.559,53323100.0,2164.559
