datetime,cash,commission,hs300,hs300_position,hs300_price,order,total,returns,equity_curve,hs300_return,drawdown
2014-07-01,100000.0,0.0,0.0,,,,100000.0,,,,
2014-07-01,100000.0,0.0,0.0,0.0,2164.56,,100000.0,0.0,1.0,,0.0
2014-07-02,100000.0,0.0,0.0,0.0,2170.87,,100000.0,0.0,1.0,0.0029151421074,0.0
2014-07-03,100000.0,0.0,0.0,0.0,2180.19,,100000.0,0.0,1.0,0.00429320963485,0.0
2014-07-04,100000.0,0.0,0.0,0.0,2178.7,,100000.0,0.0,1.0,-0.000683426673822,0.0
2014-07-07,100000.0,0.0,0.0,0.0,2176.29,,100000.0,0.0,1.0,-0.00110616422637,0.0
2014-07-08,100000.0,0.0,0.0,0.0,2180.47,,100000.0,0.0,1.0,0.00192069990672,0.0
2014-07-09,100000.0,0.0,0.0,0.0,2148.71,,100000.0,0.0,1.0,-0.0145656670351,0.0
2014-07-10,100000.0,0.0,0.0,0.0,2142.85,,100000.0,0.0,1.0,-0.00272721772598,0.0
2014-07-11,100000.0,0.0,0.0,0.0,2148.01,,100000.0,0.0,1.0,0.00240800802669,0.0
2014-07-14,100000.0,0.0,0.0,0.0,2171.76,,100000.0,0.0,1.0,0.0110567455459,0.0
2014-07-15,100000.0,0.0,0.0,0.0,2174.98,,100000.0,0.0,1.0,0.00148266843482,0.0
2014-07-16,100000.0,0.0,0.0,0.0,2170.87,,100000.0,0.0,1.0,-0.00188967254871,0.0
2014-07-17,100000.0,0.0,0.0,0.0,2157.07,,100000.0,0.0,1.0,-0.00635689838636,0.0
2014-07-18,100000.0,0.0,0.0,0.0,2164.14,,100000.0,0.0,1.0,0.00327759414391,0.0
2014-07-21,100000.0,0.0,0.0,0.0,2166.3,,100000.0,0.0,1.0,0.000998086999917,0.0
2014-07-22,100000.0,0.0,0.0,0.0,2192.7,,100000.0,0.0,1.0,0.0121866777455,0.0
2014-07-23,100000.0,0.0,0.0,0.0,2197.83,,100000.0,0.0,1.0,0.00233958133808,0.0
2014-07-24,100000.0,0.0,0.0,0.0,2237.01,,100000.0,0.0,1.0,0.0178266744926,0.0
2014-07-25,100000.0,0.0,0.0,0.0,2260.45,,100000.0,0.0,1.0,0.0104782723367,0.0
2014-07-28,100000.0,0.0,0.0,0.0,2323.9,,100000.0,0.0,1.0,0.0280696321529,0.0
2014-07-29,100000.0,0.0,0.0,0.0,2331.37,,100000.0,0.0,1.0,0.00321442402857,0.0
2014-07-30,100000.0,0.0,0.0,0.0,2322.01,,100000.0,0.0,1.0,-0.00401480674453,0.0
2014-07-31,100000.0,0.0,0.0,0.0,2350.25,,100000.0,0.0,1.0,0.0121618769945,0.0
2014-08-01,100000.0,0.0,0.0,0.0,2329.4,,100000.0,0.0,1.0,-0.00887139665993,0.0
2014-08-04,100000.0,0.0,0.0,0.0,2375.62,,100000.0,0.0,1.0,0.0198420194041,0.0
2014-08-05,100000.0,0.0,0.0,0.0,2369.35,,100000.0,0.0,1.0,-0.00263931100092,0.0
2014-08-06,100000.0,0.0,0.0,0.0,2363.22,,100000.0,0.0,1.0,-0.00258720746196,0.0
2014-08-07,100000.0,0.0,0.0,0.0,2327.46,,100000.0,0.0,1.0,-0.015131896311,0.0
2014-08-08,100000.0,0.0,0.0,0.0,2331.13,,100000.0,0.0,1.0,0.00157682623976,0.0
2014-08-11,100000.0,0.0,0.0,0.0,2365.35,,100000.0,0.0,1.0,0.0146795759996,0.0
2014-08-12,655.3,0.0,98996.1,42.0,2357.05,BUY,99651.4,-0.003486,0.996514,-0.00350899444057,0.003486
2014-08-13,655.3,0.0,99073.8,42.0,2358.9,BUY,99729.1,0.000779718097287,0.997291,0.00078487940434,0.002709
2014-08-14,655.3,0.0,98109.9,42.0,2335.95,BUY,98765.2,-0.00966518298069,0.987652,-0.00972911102633,0.012348
2014-08-15,655.3,0.0,99146.88,42.0,2360.64,BUY,99802.18,0.0104994471737,0.9980218,0.0105695755474,0.0019782
2014-08-18,655.3,0.0,99731.52,42.0,2374.56,BUY,100386.82,0.0058579882724,1.0038682,0.00589670597804,0.0
2014-08-19,655.3,0.0,99740.34,42.0,2374.77,BUY,100395.64,8.78601394088e-05,1.0039564,8.84374368304e-05,0.0
2014-08-20,655.3,0.0,99377.88,42.0,2366.14,BUY,100033.18,-0.0036103161452,1.0003318,-0.00363403613824,0.0036246
2014-08-21,655.3,0.0,98878.08,42.0,2354.24,BUY,99533.38,-0.00499634221365,0.9953338,-0.0050292882078,0.0086226
2014-08-22,655.3,0.0,99345.12,42.0,2365.36,BUY,100000.42,0.00469229518781,1.0000042,0.00472339268724,0.0039522
2014-08-25,655.3,0.0,98400.12,42.0,2342.86,BUY,99055.42,-0.00944996031017,0.9905542,-0.00951229411168,0.0134022
2014-08-26,655.3,0.0,97611.78,42.0,2324.09,BUY,98267.08,-0.00795857510876,0.9826708,-0.00801157559564,0.0212856
2014-08-27,655.3,0.0,97758.78,42.0,2327.59,BUY,98414.08,0.00149592315148,0.9841408,0.00150596577585,0.0198156
2014-08-28,655.3,0.0,97073.76,42.0,2311.28,BUY,97729.06,-0.00696058937908,0.9772906,-0.00700724784004,0.0266658
2014-08-29,655.3,0.0,98208.18,42.0,2338.29,BUY,98863.48,0.0116078063168,0.9886348,0.0116861652418,0.0153216
2014-09-01,655.3,0.0,98923.44,42.0,2355.32,BUY,99578.74,0.00723482523577,0.9957874,0.00728310004319,0.008169
2014-09-02,655.3,0.0,100231.32,42.0,2386.46,BUY,100886.62,0.0131341288311,1.0088662,0.0132211334341,0.0
2014-09-03,655.3,0.0,101171.28,42.0,2408.84,BUY,101826.58,0.00931699367072,1.0182658,0.00937790702547,0.0
2014-09-04,655.3,0.0,101901.24,42.0,2426.22,BUY,102556.54,0.00716865871367,1.0255654,0.00721509108118,0.0
2014-09-05,655.3,0.0,102868.92,42.0,2449.26,BUY,103524.22,0.00943557573218,1.0352422,0.00949625343126,0.0
2014-09-09,655.3,0.0,102699.24,42.0,2445.22,BUY,103354.54,-0.00163903673942,1.0335454,-0.00164947780146,0.0016968
2014-09-10,655.3,0.0,102162.06,42.0,2432.43,BUY,102817.36,-0.00519744947827,1.0281736,-0.00523061319636,0.0070686
2014-09-11,655.3,0.0,101784.9,42.0,2423.45,BUY,102440.2,-0.00366825213174,1.024402,-0.00369178146956,0.0108402
2014-09-12,655.3,0.0,102411.12,42.0,2438.36,BUY,103066.42,0.00611302984571,1.0306642,0.00615238606119,0.004578
2014-09-15,655.3,0.0,102361.98,42.0,2437.19,BUY,103017.28,-0.000476779925023,1.0301728,-0.000479830705884,0.0050694
2014-09-16,655.3,0.0,100327.92,42.0,2388.76,BUY,100983.22,-0.019744842807,1.0098322,-0.0198712451635,0.02541
2014-09-17,655.3,0.0,100855.86,42.0,2401.33,BUY,101511.16,0.00522799728509,1.0151116,0.00526214437616,0.0201306
2014-09-18,655.3,0.0,101163.72,42.0,2408.66,BUY,101819.02,0.00303276999297,1.0181902,0.00305247508672,0.017052
2014-09-19,655.3,0.0,101858.82,42.0,2425.21,BUY,102514.12,0.00682681880065,1.0251412,0.00687104032948,0.010101
2014-09-22,655.3,0.0,99914.64,42.0,2378.92,BUY,100569.94,-0.0189649972121,1.0056994,-0.0190870068984,0.0295428
2014-09-23,655.3,0.0,100777.32,42.0,2399.46,BUY,101432.62,0.00857791105374,1.0143262,0.00863417012762,0.020916
2014-09-24,655.3,0.0,102558.12,42.0,2441.86,BUY,103213.42,0.0175564823229,1.0321342,0.0176706425612,0.003108
2014-09-25,655.3,0.0,102352.74,42.0,2436.97,BUY,103008.04,-0.00198985752047,1.0300804,-0.00200257181001,0.0051618
2014-09-26,655.3,0.0,102362.4,42.0,2437.2,BUY,103017.7,9.37790875353e-05,1.030177,9.43794958495e-05,0.0050652
2014-09-29,655.3,0.0,102807.6,42.0,2447.8,BUY,103462.9,0.00432158745536,1.034629,0.00434925324142,0.0006132
2014-09-30,655.3,0.0,102941.58,42.0,2450.99,BUY,103596.88,0.00129495693625,1.0359688,0.00130321104665,0.0
2014-10-08,655.3,0.0,104091.96,42.0,2478.38,BUY,104747.26,0.0111043884719,1.0474726,0.0111750761937,0.0
2014-10-09,655.3,0.0,104241.9,42.0,2481.95,BUY,104897.2,0.00143144555762,1.048972,0.00144045707277,0.0
2014-10-10,655.3,0.0,103605.18,42.0,2466.79,BUY,104260.48,-0.00606994276301,1.0426048,-0.00610810048551,0.0063672
2014-10-13,655.3,0.0,103107.9,42.0,2454.95,BUY,103763.2,-0.00476959246687,1.037632,-0.004799760012,0.01134
2014-10-14,655.3,0.0,102755.52,42.0,2446.56,BUY,103410.82,-0.00339600166533,1.0341082,-0.00341758487953,0.0148638
2014-10-15,655.3,0.0,103482.54,42.0,2463.87,BUY,104137.84,0.00703040552236,1.0413784,0.00707524033745,0.0075936
2014-10-16,655.3,0.0,102664.38,42.0,2444.39,BUY,103319.68,-0.0078565101792,1.0331968,-0.00790626128814,0.0157752
2014-10-17,655.3,0.0,102552.66,42.0,2441.73,BUY,103207.96,-0.00108130416199,1.0320796,-0.0010882060555,0.0168924
2014-10-20,655.3,0.0,103097.82,42.0,2454.71,BUY,103753.12,0.00528215071783,1.0375312,0.00531590306873,0.0114408
2014-10-21,655.3,0.0,102202.38,42.0,2433.39,BUY,102857.68,-0.00863048744944,1.0285768,-0.00868534368622,0.0203952
2014-10-22,655.3,0.0,101582.88,42.0,2418.64,BUY,102238.18,-0.00602288521382,1.0223818,-0.00606150267733,0.0265902
2014-10-23,655.3,0.0,100629.48,42.0,2395.94,BUY,101284.78,-0.00932528337261,1.0128478,-0.00938543975127,0.0361242
2014-10-24,202569.729094,0.0,-101063.858297,-42.2735749202,2390.71,SELL,101505.870797,0.00218286298131,1.01505870797,-0.00218285933705,0.0339132920317
2014-10-27,202569.729094,0.0,-100138.912478,-42.2735749202,2368.83,SELL,102430.816616,0.00911223963691,1.02430816616,-0.00915209289291,0.0246638338391
2014-10-28,202569.729094,0.0,-102160.434831,-42.2735749202,2416.65,SELL,100409.294263,-0.0197354899577,1.00409294263,0.0201871810134,0.044879057366
2014-10-29,202569.729094,0.0,-103628.596088,-42.2735749202,2451.38,SELL,98941.1330064,-0.0146217665182,0.989411330064,0.014371133594,0.0595606699358
2014-10-30,885.933006424,0.0,98757.2,40.0,2468.93,BUY,99643.1330064,0.00709512796821,0.996431330064,0.00715923275869,0.0525406699358
2014-10-31,885.933006424,0.0,100332.8,40.0,2508.32,BUY,101218.733006,0.0158124293412,1.01218733006,0.0159542797892,0.0367846699358
2014-11-03,885.933006424,0.0,100502.0,40.0,2512.55,BUY,101387.933006,0.00167162732603,1.01387933006,0.00168638770173,0.0350926699358
2014-11-04,885.933006424,0.0,100526.8,40.0,2513.17,BUY,101412.733006,0.000244605045834,1.01412733006,0.000246761258482,0.0348446699358
2014-11-05,885.933006424,0.0,100138.0,40.0,2503.45,BUY,101023.933006,-0.0038338381037,1.01023933006,-0.00386762534966,0.0387326699358
2014-11-06,885.933006424,0.0,100242.8,40.0,2506.07,BUY,101128.733006,0.00103737794482,1.01128733006,0.00104655575306,0.0376846699358
2014-11-07,885.933006424,0.0,100086.0,40.0,2502.15,BUY,100971.933006,-0.00155049900596,1.00971933006,-0.00156420211726,0.0392526699358
2014-11-10,885.933006424,0.0,102629.2,40.0,2565.73,BUY,103515.133006,0.0251871973159,1.03515133006,0.0254101472733,0.0138206699358
2014-11-11,885.933006424,0.0,102344.4,40.0,2558.61,BUY,103230.333006,-0.00275128854814,1.03230333006,-0.00277503868295,0.0166686699358
2014-11-12,885.933006424,0.0,103772.8,40.0,2594.32,BUY,104658.733006,0.0138370182329,1.04658733006,0.0139567968545,0.00238466993576
2014-11-13,885.933006424,0.0,103190.0,40.0,2579.75,BUY,104075.933006,-0.00556857496034,1.04075933006,-0.00561611520553,0.00821266993576
2014-11-14,885.933006424,0.0,103243.6,40.0,2581.09,BUY,104129.533006,0.000515008594703,1.04129533006,0.000519430177343,0.00767666993576
2014-11-17,885.933006424,0.0,102684.0,40.0,2567.1,BUY,103569.933006,-0.0053740757674,1.03569933006,-0.00542019069463,0.0132726699358
2014-11-18,885.933006424,0.0,101656.8,40.0,2541.42,BUY,102542.733006,-0.00991793631783,1.02542733006,-0.0100035059016,0.0235446699358
2014-11-19,885.933006424,0.0,101488.8,40.0,2537.22,BUY,102374.733006,-0.00163834135364,1.02374733006,-0.00165261940175,0.0252246699358
2014-11-20,885.933006424,0.0,101484.0,40.0,2537.1,BUY,102369.933006,-4.68865691663e-05,1.02369933006,-4.72958592475e-05,0.0252726699358
2014-11-21,885.933006424,0.0,103338.0,40.0,2583.45,BUY,104223.933006,0.0181107864932,1.04223933006,0.0182688896772,0.00673266993576
2014-11-24,885.933006424,0.0,105970.4,40.0,2649.26,BUY,106856.333006,0.0252571547059,1.06856333006,0.025473688285,0.0
2014-11-25,885.933006424,0.0,107422.4,40.0,2685.56,BUY,108308.333006,0.0135883382776,1.08308333006,0.0137019394095,0.0
2014-11-26,885.933006424,0.0,108920.8,40.0,2723.02,BUY,109806.733006,0.0138345772519,1.09806733006,0.0139486736472,0.0
2014-11-27,885.933006424,0.0,110179.6,40.0,2754.49,BUY,111065.533006,0.0114637779081,1.11065533006,0.0115570212485,0.0
2014-11-28,885.933006424,0.0,112352.8,40.0,2808.82,BUY,113238.733006,0.0195668263697,1.13238733006,0.0197241594633,0.0
2014-12-01,885.933006424,0.0,112792.4,40.0,2819.81,BUY,113678.333006,0.0038820639222,1.13678333006,0.00391267507352,0.0
2014-12-02,885.933006424,0.0,116957.6,40.0,2923.94,BUY,117843.533006,0.036640227648,1.17843533006,0.036928019973,0.0
2014-12-03,885.933006424,0.0,118702.0,40.0,2967.55,BUY,119587.933006,0.0148026790737,1.19587933006,0.0149148067334,0.0
2014-12-04,885.933006424,0.0,124174.0,40.0,3104.35,BUY,125059.933006,0.0457571250078,1.25059933006,0.0460986335529,0.0
2014-12-05,885.933006424,0.0,124995.6,40.0,3124.89,BUY,125881.533006,0.00656965008895,1.25881533006,0.00661652197723,0.0
2014-12-08,885.933006424,0.0,130115.2,40.0,3252.88,BUY,131001.133006,0.0406699845301,1.31001133006,0.0409582417301,0.0
2014-12-09,885.933006424,0.0,124276.4,40.0,3106.91,BUY,125162.333006,-0.0445706068795,1.25162333006,-0.0448740808145,0.058388
2014-12-10,885.933006424,0.0,128862.0,40.0,3221.55,BUY,129747.933006,0.0366372205587,1.29747933006,0.0368983974431,0.012532
2014-12-11,885.933006424,0.0,127320.4,40.0,3183.01,BUY,128206.333006,-0.0118814994912,1.28206333006,-0.0119631854232,0.027948
2014-12-12,885.933006424,0.0,127729.2,40.0,3193.23,BUY,128615.133006,0.0031886100352,1.28615133006,0.00321079732706,0.02386
2014-12-15,885.933006424,0.0,128689.2,40.0,3217.23,BUY,129575.133006,0.00746412943454,1.29575133006,0.00751590082769,0.01426
2014-12-16,885.933006424,0.0,132136.0,40.0,3303.4,BUY,133021.933006,0.0266007830363,1.33021933006,0.0267839103825,0.0
2014-12-17,885.933006424,0.0,134424.0,40.0,3360.6,BUY,135309.933006,0.0172001710416,1.35309933006,0.0173154931283,0.0
2014-12-18,885.933006424,0.0,133837.2,40.0,3345.93,BUY,134723.133006,-0.00433671044662,1.34723133006,-0.00436529191216,0.005868
2014-12-19,885.933006424,0.0,135326.8,40.0,3383.17,BUY,136212.733006,0.0110567499936,1.36212733006,0.0111299399569,0.0
2014-12-22,885.933006424,0.0,135779.2,40.0,3394.48,BUY,136665.133006,0.00332127540513,1.36665133006,0.00334301852996,0.0
2014-12-23,885.933006424,0.0,132996.8,40.0,3324.92,BUY,133882.733006,-0.0203592528598,1.33882733006,-0.0204920930452,0.027824
2014-12-24,885.933006424,0.0,129215.6,40.0,3230.39,BUY,130101.533006,-0.0282426263275,1.30101533006,-0.0284307592363,0.065636
2014-12-25,885.933006424,0.0,133416.8,40.0,3335.42,BUY,134302.733006,0.0322917025105,1.34302733006,0.0325131021332,0.023624
2014-12-26,885.933006424,0.0,137833.6,40.0,3445.84,BUY,138719.533006,0.032886895904,1.38719533006,0.0331052760972,0.0
2014-12-29,885.933006424,0.0,138218.0,40.0,3455.45,BUY,139103.933006,0.00277105892493,1.39103933006,0.00278887005781,0.0
2014-12-30,885.933006424,0.0,138302.0,40.0,3457.55,BUY,139187.933006,0.000603865025126,1.39187933006,0.000607735606072,0.0
2014-12-31,885.933006424,0.0,141348.0,40.0,3533.7,BUY,142233.933006,0.021884080999,1.42233933006,0.0220242657373,0.0
2015-01-05,885.933006424,0.0,145661.6,40.0,3641.54,BUY,146547.533006,0.0303275027894,1.46547533006,0.0305175877975,0.0
2015-01-06,885.933006424,0.0,145642.4,40.0,3641.06,BUY,146528.333006,-0.000131015511528,1.46528333006,-0.000131812365098,0.000192
2015-01-07,885.933006424,0.0,145751.6,40.0,3643.79,BUY,146637.533006,0.000745248360911,1.46637533006,0.00074978165699,0.0
2015-01-08,885.933006424,0.0,142370.4,40.0,3559.26,BUY,143256.333006,-0.0230582166153,1.43256333006,-0.0231983731225,0.033812
2015-01-09,885.933006424,0.0,141868.8,40.0,3546.72,BUY,142754.733006,-0.00350141588489,1.42754733006,-0.00352320426156,0.038828
2015-01-12,885.933006424,0.0,140543.2,40.0,3513.58,BUY,141429.133006,-0.00928585674242,1.41429133006,-0.00934384445347,0.052084
2015-01-13,885.933006424,0.0,140561.6,40.0,3514.04,BUY,141447.533006,0.000130100493504,1.41447533006,0.000130920599503,0.0519
2015-01-14,885.933006424,0.0,140096.8,40.0,3502.42,BUY,140982.733006,-0.00328602408342,1.40982733006,-0.00330673526767,0.056548
2015-01-15,885.933006424,0.0,144164.8,40.0,3604.12,BUY,145050.733006,0.0288545973911,1.45050733006,0.0290370658002,0.015868
2015-01-16,885.933006424,0.0,145406.0,40.0,3635.15,BUY,146291.933006,0.00855700605074,1.46291933006,0.00860959124557,0.003456
2015-01-19,885.933006424,0.0,134206.4,40.0,3355.16,BUY,135092.333006,-0.0765565111475,1.35092333006,-0.0770229564117,0.115452
2015-01-20,885.933006424,0.0,135848.8,40.0,3396.22,BUY,136734.733006,0.01215761075,1.36734733006,0.0122378664505,0.099028
2015-01-21,885.933006424,0.0,141955.6,40.0,3548.89,BUY,142841.533006,0.0446616588611,1.42841533006,0.0449529182444,0.03796
2015-01-22,885.933006424,0.0,142704.4,40.0,3567.61,BUY,143590.333006,0.00524217280674,1.43590333006,0.00527488876804,0.030472
2015-01-23,885.933006424,0.0,142869.2,40.0,3571.73,BUY,143755.133006,0.00114770957452,1.43755133006,0.00115483474931,0.028824
2015-01-26,885.933006424,0.0,144319.6,40.0,3607.99,BUY,145205.533006,0.0100893788602,1.45205533006,0.010151943176,0.01432
2015-01-27,885.933006424,0.0,142997.2,40.0,3574.93,BUY,143883.133006,-0.00910709098076,1.43883133006,-0.0091629965715,0.027544
2015-01-28,885.933006424,0.0,141012.8,40.0,3525.32,BUY,141898.733006,-0.0137917486125,1.41898733006,-0.0138771947982,0.047388
2015-01-29,885.933006424,0.0,139272.0,40.0,3481.8,BUY,140157.933006,-0.0122679037587,1.40157933006,-0.0123449786119,0.064796
2015-01-30,885.933006424,0.0,137375.6,40.0,3434.39,BUY,138261.533006,-0.0135304506803,1.38261533006,-0.0136165201907,0.08376
2015-02-02,885.933006424,0.0,134158.4,40.0,3353.96,BUY,135044.333006,-0.0232689449483,1.35044333006,-0.0234190059952,0.115932
2015-02-03,270088.666013,0.0,-138405.986503,-40.2641453704,3437.45,SELL,131682.679509,-0.024892962349,1.31682679509,0.024892962349,0.14954853497
2015-02-04,1059.57950945,0.0,129267.26,38.0,3401.77,BUY,130326.839509,-0.0102962667911,1.30326839509,-0.0103797873424,0.16310693497
2015-02-05,1059.57950945,0.0,127944.1,38.0,3366.95,BUY,129003.679509,-0.0101526286142,1.29003679509,-0.0102358478086,0.17633853497
2015-02-06,1059.57950945,0.0,125871.96,38.0,3312.42,BUY,126931.539509,-0.0160626426152,1.26931539509,-0.0161956667013,0.19705993497
2015-02-09,1059.57950945,0.0,127144.96,38.0,3345.92,BUY,128204.539509,0.010029028285,1.28204539509,0.0101134517966,0.18432993497
2015-02-10,256409.040702,0.0,-130542.58419,-38.3166666247,3406.94,SELL,125866.456512,-0.0182371311217,1.25866456512,0.0182371365723,0.207710764944
2015-02-11,256409.040702,0.0,-131584.031189,-38.3166666247,3434.12,SELL,124825.009513,-0.00827422196285,1.24825009513,0.00797783348107,0.218125234933
2015-02-12,1196.68951316,0.0,123943.32,36.0,3442.87,BUY,125140.009513,0.0025235327538,1.25140009513,0.00254795988492,0.214975234933
2015-02-13,250279.873636,0.0,-126119.793873,-36.3475426383,3469.83,SELL,124160.079764,-0.00783066705317,1.24160079764,0.007830676151,0.224774532428
2015-02-16,250279.873636,0.0,-127197.498512,-36.3475426383,3499.48,SELL,123082.375124,-0.00867996091236,1.23082375124,0.00854508722329,0.23555157882
2015-02-17,250279.873636,0.0,-128027.676386,-36.3475426383,3522.32,SELL,122252.197251,-0.00674489644044,1.22252197251,0.00652668396447,0.243853357559
2015-02-24,250279.873636,0.0,-128027.676386,-36.3475426383,3522.32,SELL,122252.197251,0.0,1.22252197251,0.0,0.243853357559
2015-02-25,250279.873636,0.0,-126443.287002,-36.3475426383,3478.73,SELL,123836.586634,0.012960007421,1.23836586634,-0.0123753662359,0.228009463723
2015-02-26,250279.873636,0.0,-129626.241311,-36.3475426383,3566.3,SELL,120653.632325,-0.025702858867,1.20653632325,0.0251729797944,0.259839006811
2015-02-27,2965.73232532,0.0,117903.72,33.0,3572.84,BUY,120869.452325,0.00178875675635,1.20869452325,0.00183383338474,0.257680806811
2015-03-02,2965.73232532,0.0,118841.58,33.0,3601.26,BUY,121807.312325,0.00775928062846,1.21807312325,0.00795445639883,0.248302206811
2015-03-03,2965.73232532,0.0,115760.7,33.0,3507.9,BUY,118726.432325,-0.0252930627988,1.18726432325,-0.0259242598424,0.279111006811
2015-03-04,237452.864651,0.0,-119502.169897,-33.8454438055,3530.82,SELL,117950.694753,-0.00653382365518,1.17950694753,0.00653382365518,0.286868382531
2015-03-05,237452.864651,0.0,-118335.178995,-33.8454438055,3496.34,SELL,119117.685656,0.00989388748286,1.19117685656,-0.009765436924,0.275198473507
2015-03-06,242.125655708,0.0,118269.68,34.0,3478.52,BUY,118511.805656,-0.00508639835189,1.18511805656,-0.00509675832442,0.281257273507
2015-03-09,242.125655708,0.0,120283.5,34.0,3537.75,BUY,120525.625656,0.0169925687054,1.20525625656,0.0170273564619,0.261119073507
2015-03-10,241051.251311,0.0,-119941.692584,-34.0684405783,3520.61,SELL,121109.558727,0.00484488728712,1.21109558727,-0.00484488728712,0.255279742792
2015-03-11,241051.251311,0.0,-120079.329084,-34.0684405783,3524.65,SELL,120971.922227,-0.00113646273162,1.20971922227,0.00114752841127,0.256656107791
2015-03-12,241051.251311,0.0,-122402.456047,-34.0684405783,3592.84,SELL,118648.795264,-0.0192038525987,1.18648795264,0.0193466017902,0.279887377422
2015-03-13,241051.251311,0.0,-123248.034742,-34.0684405783,3617.66,SELL,117803.216569,-0.00712673646006,1.17803216569,0.00690818405495,0.288343164373
2015-03-16,2038.0965691,0.0,118581.44,32.0,3705.67,BUY,120619.536569,0.0239069872795,1.20619536569,0.0243278804531,0.260179964373
2015-03-17,2038.0965691,0.0,120227.84,32.0,3757.12,BUY,122265.936569,0.0136495301411,1.22265936569,0.013884128916,0.243715964373
2015-03-18,2038.0965691,0.0,123073.6,32.0,3846.05,BUY,125111.696569,0.0232751662471,1.25111696569,0.0236697257474,0.215258364373
2015-03-19,2038.0965691,0.0,122871.68,32.0,3839.74,BUY,124909.776569,-0.00161391784731,1.24909776569,-0.0016406442974,0.217277564373
2015-03-20,2038.0965691,0.0,124562.24,32.0,3892.57,BUY,126600.336569,0.0135342488509,1.26600336569,0.0137587440816,0.200371964373
2015-03-23,2038.0965691,0.0,127105.92,32.0,3972.06,BUY,129144.016569,0.0200922056681,1.29144016569,0.020420955821,0.174935164373
2015-03-24,2038.0965691,0.0,127137.6,32.0,3973.05,BUY,129175.696569,0.000245307532177,1.29175696569,0.000249240948022,0.174618364373
2015-03-25,2038.0965691,0.0,126093.12,32.0,3940.41,BUY,128131.216569,-0.00808573150942,1.28131216569,-0.00821535092687,0.185063164373
2015-03-26,2038.0965691,0.0,126400.0,32.0,3950.0,BUY,128438.096569,0.00239504476908,1.28438096569,0.00243375689332,0.181994364373
2015-03-27,2038.0965691,0.0,127094.4,32.0,3971.7,BUY,129132.496569,0.00540649556907,1.29132496569,0.00549367088608,0.175050364373
2015-03-30,2038.0965691,0.0,130821.76,32.0,4088.18,BUY,132859.856569,0.0288646165685,1.32859856569,0.0293274920059,0.137776764373
2015-03-31,2038.0965691,0.0,129638.4,32.0,4051.2,BUY,131676.496569,-0.00890682882368,1.31676496569,-0.00904558996913,0.149610364373
2015-04-01,2038.0965691,0.0,131964.8,32.0,4123.9,BUY,134002.896569,0.0176675417452,1.34002896569,0.017945300158,0.126346364373
2015-04-02,2038.0965691,0.0,131992.96,32.0,4124.78,BUY,134031.056569,0.000210144711204,1.34031056569,0.000213390237397,0.126064764373
2015-04-03,2038.0965691,0.0,133457.28,32.0,4170.54,BUY,135495.376569,0.0109252291035,1.35495376569,0.0110939250093,0.111421564373
2015-04-07,2038.0965691,0.0,136321.28,32.0,4260.04,BUY,138359.376569,0.021137252595,1.38359376569,0.0214600507368,0.0827815643732
2015-04-08,2038.0965691,0.0,137465.6,32.0,4295.8,BUY,139503.696569,0.00827063570519,1.39503696569,0.00839428737758,0.0713383643732
2015-04-09,2038.0965691,0.0,136388.48,32.0,4262.14,BUY,138426.576569,-0.00772108572382,1.38426576569,-0.00783556031473,0.0821095643732
2015-04-10,2038.0965691,0.0,139021.44,32.0,4344.42,BUY,141059.536569,0.0190206249787,1.41059536569,0.0193048562459,0.0557799643732
2015-04-13,2038.0965691,0.0,141474.24,32.0,4421.07,BUY,143512.336569,0.0173884025119,1.43512336569,0.0176433217783,0.0312519643732
2015-04-14,2038.0965691,0.0,142021.76,32.0,4438.18,BUY,144059.856569,0.00381514239883,1.44059856569,0.00387010384364,0.0257767643732
2015-04-15,2038.0965691,0.0,140176.32,32.0,4380.51,BUY,142214.416569,-0.012810230719,1.42214416569,-0.0129940651348,0.0442311643732
2015-04-16,2038.0965691,0.0,144433.6,32.0,4513.55,BUY,146471.696569,0.0299356429728,1.46471696569,0.0303708928869,0.00165836437325
2015-04-17,2038.0965691,0.0,147076.48,32.0,4596.14,BUY,149114.576569,0.0180436225012,1.49114576569,0.0182982353137,0.0
2015-04-20,2038.0965691,0.0,144701.44,32.0,4521.92,BUY,146739.536569,-0.0159276179073,1.46739536569,-0.0161483331665,0.0237504
2015-04-21,2038.0965691,0.0,147813.12,32.0,4619.16,BUY,149851.216569,0.021205464272,1.49851216569,0.0215041398344,0.0
2015-04-22,2038.0965691,0.0,151673.92,32.0,4739.81,BUY,153712.016569,0.0257642219289,1.53712016569,0.0261194676088,0.0
2015-04-23,2038.0965691,0.0,151708.48,32.0,4740.89,BUY,153746.576569,0.000224836032806,1.53746576569,0.000227857234784,0.0
2015-04-24,2038.0965691,0.0,150484.48,32.0,4702.64,BUY,152522.576569,-0.00796115287452,1.52522576569,-0.00806810535575,0.01224
2015-04-27,2038.0965691,0.0,153842.88,32.0,4807.59,BUY,155880.976569,0.0220190353162,1.55880976569,0.0223172515863,0.0
2015-04-28,2038.0965691,0.0,151739.52,32.0,4741.86,BUY,153777.616569,-0.0134933719707,1.53777616569,-0.0136721309429,0.0210336
2015-04-29,2038.0965691,0.0,152778.56,32.0,4774.33,BUY,154816.656569,0.00675677008905,1.54816656569,0.00684752396739,0.0106432
2015-04-30,2038.0965691,0.0,151996.48,32.0,4749.89,BUY,154034.576569,-0.00505165282168,1.54034576569,-0.00511904288141,0.018464
2015-05-04,2038.0965691,0.0,153207.68,32.0,4787.74,BUY,155245.776569,0.00786316960112,1.55245776569,0.00796860558876,0.006352
2015-05-05,2038.0965691,0.0,147098.88,32.0,4596.84,BUY,149136.976569,-0.0393492186068,1.49136976569,-0.0398726747902,0.06744
2015-05-06,2038.0965691,0.0,145706.56,32.0,4553.33,BUY,147744.656569,-0.00933584703157,1.47744656569,-0.00946519783155,0.0813632
2015-05-07,2038.0965691,0.0,143042.88,32.0,4470.09,BUY,145080.976569,-0.0180289430552,1.45080976569,-0.0182811261209,0.108
2015-05-08,2038.0965691,0.0,145868.8,32.0,4558.4,BUY,147906.896569,0.019478225656,1.47906896569,0.0197557543584,0.0797408
2015-05-11,2038.0965691,0.0,150096.96,32.0,4690.53,BUY,152135.056569,0.028586631848,1.52135056569,0.028986047736,0.0374592
2015-05-12,2038.0965691,0.0,151917.44,32.0,4747.42,BUY,153955.536569,0.0119662097682,1.53955536569,0.012128693346,0.0192544
2015-05-13,2038.0965691,0.0,150990.08,32.0,4718.44,BUY,153028.176569,-0.00602355732484,1.53028176569,-0.0061043682674,0.028528
2015-05-14,2038.0965691,0.0,150424.96,32.0,4700.78,BUY,152463.056569,-0.00369291468192,1.52463056569,-0.00374276243843,0.0341792
2015-05-15,2038.0965691,0.0,147759.04,32.0,4617.47,BUY,149797.136569,-0.0174856785637,1.49797136569,-0.017722590719,0.0608384
2015-05-18,2038.0965691,0.0,146404.48,32.0,4575.14,BUY,148442.576569,-0.00904262945891,1.48442576569,-0.00916735788213,0.074384
2015-05-19,2038.0965691,0.0,151399.04,32.0,4731.22,BUY,153437.136569,0.0336464113965,1.53437136569,0.0341148030443,0.0244384
2015-05-20,2038.0965691,0.0,152157.44,32.0,4754.92,BUY,154195.536569,0.00494274083157,1.54195536569,0.00500927879067,0.0168544
2015-05-21,2038.0965691,0.0,154911.36,32.0,4840.98,BUY,156949.456569,0.0178599203406,1.56949456569,0.01809914783,0.0
2015-05-22,2038.0965691,0.0,158442.88,32.0,4951.34,BUY,160480.976569,0.0225010017696,1.60480976569,0.0227970369636,0.0
2015-05-25,2038.0965691,0.0,163183.68,32.0,5099.49,BUY,165221.776569,0.0295411961053,1.65221776569,0.0299211930508,0.0
2015-05-26,2038.0965691,0.0,166365.44,32.0,5198.92,BUY,168403.536569,0.0192575099123,1.68403536569,0.0194980282342,0.0
2015-05-27,2038.0965691,0.0,165805.76,32.0,5181.43,BUY,167843.856569,-0.00332344564373,1.67843856569,-0.00336416024867,0.0055968
2015-05-28,2038.0965691,0.0,154688.32,32.0,4834.01,BUY,156726.416569,-0.0662368002455,1.56726416569,-0.0670509878547,0.1167712
2015-05-29,2038.0965691,0.0,154906.56,32.0,4840.83,BUY,156944.656569,0.0013924902054,1.56944656569,0.00141083696558,0.1145888
2015-06-01,2038.0965691,0.0,162437.76,32.0,5076.18,BUY,164475.856569,0.0479863422218,1.64475856569,0.0486176957257,0.0392768
2015-06-02,2038.0965691,0.0,165179.84,32.0,5161.87,BUY,167217.936569,0.0166716262022,1.67217936569,0.0168808040692,0.011856
2015-06-03,2038.0965691,0.0,164594.88,32.0,5143.59,BUY,166632.976569,-0.00349818932109,1.66632976569,-0.00354135226187,0.0177056
2015-06-04,2038.0965691,0.0,165805.44,32.0,5181.42,BUY,167843.536569,0.00726482851669,1.67843536569,0.00735478527643,0.0056
2015-06-05,2038.0965691,0.0,167377.6,32.0,5230.55,BUY,169415.696569,0.00936681883698,1.69415696569,0.00948195668369,0.0
2015-06-08,2038.0965691,0.0,171320.0,32.0,5353.75,BUY,173358.096569,0.0232705710264,1.73358096569,0.0235539283632,0.0
2015-06-09,2038.0965691,0.0,170158.72,32.0,5317.46,BUY,172196.816569,-0.00669873529407,1.72196816569,-0.00677842633668,0.0116128
2015-06-10,2038.0965691,0.0,169891.52,32.0,5309.11,BUY,171929.616569,-0.00155171277451,1.71929616569,-0.00157029860121,0.0142848
2015-06-11,2038.0965691,0.0,169810.88,32.0,5306.59,BUY,171848.976569,-0.000469029138837,1.71848976569,-0.000474655827436,0.0150912
2015-06-12,2038.0965691,0.0,170723.52,32.0,5335.11,BUY,172761.616569,0.00531070954405,1.72761616569,0.00537444950524,0.0059648
2015-06-15,2038.0965691,0.0,167077.44,32.0,5221.17,BUY,169115.536569,-0.021104687907,1.69115536569,-0.0213566355708,0.0424256
2015-06-16,2038.0965691,0.0,162074.24,32.0,5064.82,BUY,164112.336569,-0.0295845083279,1.64112336569,-0.0299453953807,0.0924576
2015-06-17,2038.0965691,0.0,164442.56,32.0,5138.83,BUY,166480.656569,0.0144310906146,1.66480656569,0.0146125627367,0.0687744
2015-06-18,2038.0965691,0.0,157777.6,32.0,4930.55,BUY,159815.696569,-0.0400344408615,1.59815696569,-0.0405306266212,0.135424
2015-06-19,2038.0965691,0.0,148385.6,32.0,4637.05,BUY,150423.696569,-0.058767694298,1.50423696569,-0.0595268276359,0.229344
2015-06-23,300847.328259,0.0,-155258.41632,-32.4395103978,4786.09,SELL,145588.911939,-0.0321411103434,1.45588911939,0.0321411242061,0.277691846297
2015-06-24,2006.21193941,0.0,146403.9,30.0,4880.13,BUY,148410.111939,0.0193778493322,1.48410111939,0.0196486066915,0.249479846297
2015-06-25,2006.21193941,0.0,141195.6,30.0,4706.52,BUY,143201.811939,-0.0350939698915,1.43201811939,-0.0355748719809,0.301562846297
2015-06-26,2006.21193941,0.0,130085.7,30.0,4336.19,BUY,132091.911939,-0.077582118896,1.32091911939,-0.0786844632552,0.412661846297
2015-06-29,264183.671566,0.0,-127685.644555,-30.4626318557,4191.55,SELL,136498.027011,0.033356433463,1.36498027011,-0.0333564719258,0.368600695581
2015-06-30,264183.671566,0.0,-136259.35229,-30.4626318557,4473.0,SELL,127924.319275,-0.0628119535756,1.27924319275,0.0671469981272,0.454337772939
2015-07-01,264183.671566,0.0,-129558.182535,-30.4626318557,4253.02,SELL,134625.489031,0.0523838609701,1.34625489031,-0.0491795215739,0.387326075383
2015-07-02,264183.671566,0.0,-125140.491663,-30.4626318557,4108.0,SELL,139043.179903,0.0328146690758,1.39043179903,-0.034098123216,0.343149166665
2015-07-03,264183.671566,0.0,-118375.350381,-30.4626318557,3885.92,SELL,145808.321185,0.0486549666603,1.45808321185,-0.0540603700097,0.27549775384
2015-07-06,264183.671566,0.0,-121806.05198,-30.4626318557,3998.54,SELL,142377.619585,-0.0235288464451,1.42377619585,0.0289815539177,0.309804769836
2015-07-07,264183.671566,0.0,-119657.217929,-30.4626318557,3928.0,SELL,144526.453637,0.0150924987885,1.44526453637,-0.0176414391253,0.288316429325
2015-07-08,264183.671566,0.0,-111585.838993,-30.4626318557,3663.04,SELL,152597.832573,0.0558470697467,1.52597832573,-0.0674541751527,0.20760263996
2015-07-09,264183.671566,0.0,-118732.0678,-30.4626318557,3897.63,SELL,145451.603766,-0.0468304738444,1.45451603766,0.064042434699,0.279064928031
2015-07-10,264183.671566,0.0,-125096.625473,-30.4626318557,4106.56,SELL,139087.046092,-0.0437572189568,1.39087046092,0.053604369835,0.342710504767
2015-07-13,264183.671566,0.0,-128302.817476,-30.4626318557,4211.81,SELL,135880.85409,-0.0230516938341,1.3588085409,0.0256297241487,0.374772424795
2015-07-14,264183.671566,0.0,-125266.911585,-30.4626318557,4112.15,SELL,138916.75998,0.022342411012,1.3891675998,-0.0236620360368,0.344413365887
2015-07-15,264183.671566,0.0,-120837.94954,-30.4626318557,3966.76,SELL,143345.722026,0.0318821288815,1.43345722026,-0.0353562005277,0.300123745432
2015-07-16,264183.671566,0.0,-121770.106075,-30.4626318557,3997.36,SELL,142413.565491,-0.00650285562492,1.42413565491,0.00771410420595,0.30944531078
2015-07-17,264183.671566,0.0,-126465.616149,-30.4626318557,4151.5,SELL,137718.055417,-0.0329709466794,1.37718055417,0.0385604498969,0.356400411523
2015-07-20,264183.671566,0.0,-126743.130725,-30.4626318557,4160.61,SELL,137440.540841,-0.00201509217775,1.37440540841,0.00219438757076,0.359175557285
2015-07-21,264183.671566,0.0,-126907.628937,-30.4626318557,4166.01,SELL,137276.042629,-0.00119686819489,1.37276042629,0.00129788660797,0.360820539405
2015-07-22,264183.671566,0.0,-126638.034645,-30.4626318557,4157.16,SELL,137545.636921,0.00196388449696,1.37545636921,-0.00212433479516,0.358124596486
2015-07-23,264183.671566,0.0,-129490.860118,-30.4626318557,4250.81,SELL,134692.811447,-0.0207409376055,1.34692811447,0.0225273985124,0.386652851218
2015-07-24,264183.671566,0.0,-127220.480166,-30.4626318557,4176.28,SELL,136963.191399,0.0168559845756,1.36963191399,-0.0175331289801,0.363949051696
2015-07-27,264183.671566,0.0,-116328.566146,-30.4626318557,3818.73,SELL,147855.105419,0.0795243883317,1.47855105419,-0.0856144702941,0.255029911496
2015-07-28,264183.671566,0.0,-116095.831639,-30.4626318557,3811.09,SELL,148087.839927,0.0015740714987,1.48087839927,-0.0020006651426,0.252702566423
2015-07-29,264183.671566,0.0,-119729.718993,-30.4626318557,3930.38,SELL,144453.952573,-0.0245387288778,1.44453952573,0.0313007564765,0.289041439963
2015-07-30,264183.671566,0.0,-116227.430208,-30.4626318557,3815.41,SELL,147956.241357,0.024245018721,1.47956241357,-0.0292516245249,0.254018552119
2015-07-31,264183.671566,0.0,-116266.727004,-30.4626318557,3816.7,SELL,147916.944562,-0.000265597414028,1.47916944562,0.000338102589237,0.25441152007
2015-08-03,264183.671566,0.0,-116648.728407,-30.4626318557,3829.24,SELL,147534.943159,-0.00258253984762,1.47534943159,0.0032855608248,0.258231534105
2015-08-04,264183.671566,0.0,-120271.344587,-30.4626318557,3948.16,SELL,143912.326978,-0.0245542927168,1.43912326978,0.0310557708579,0.294457695907
2015-08-05,264183.671566,0.0,-117795.951123,-30.4626318557,3866.9,SELL,146387.720443,0.0172007048775,1.46387720443,-0.0205817393419,0.269703761261
2015-08-06,264183.671566,0.0,-116728.235876,-30.4626318557,3831.85,SELL,147455.43569,0.00729374870591,1.4745543569,-0.00906410820037,0.259026608796
2015-08-07,264183.671566,0.0,-119015.979529,-30.4626318557,3906.95,SELL,145167.692037,-0.0155148139617,1.45167692037,0.0195988882655,0.28190404532
2015-08-10,264183.671566,0.0,-124420.355046,-30.4626318557,4084.36,SELL,139763.31652,-0.037228500651,1.3976331652,0.045408822739,0.335947800495
2015-08-11,264183.671566,0.0,-123881.471089,-30.4626318557,4066.67,SELL,140302.200477,0.00385568953962,1.40302200477,-0.00433115592161,0.330558960919
2015-08-12,264183.671566,0.0,-122341.889675,-30.4626318557,4016.13,SELL,141841.781891,0.0109733233602,1.41841781891,-0.0124278586657,0.31516314678
2015-08-13,264183.671566,0.0,-124149.237623,-30.4626318557,4075.46,SELL,140034.433943,-0.0127419997401,1.40034433943,0.0147729281672,0.33323662626
2015-08-14,1468.79394314,0.0,138500.36,34.0,4073.54,BUY,139969.153943,-0.000466171056374,1.39969153943,-0.000471112463378,0.33388942626
2015-08-17,1468.79394314,0.0,138647.58,34.0,4077.87,BUY,140116.373943,0.00105180317129,1.40116373943,0.00106295752589,0.33241722626
2015-08-18,1468.79394314,0.0,130063.94,34.0,3825.41,BUY,131532.733943,-0.0612607917151,1.31532733943,-0.0619097715229,0.41825362626
2015-08-19,1468.79394314,0.0,132128.76,34.0,3886.14,BUY,133597.553943,0.0156981455346,1.33597553943,0.0158754225037,0.39760542626
2015-08-20,1468.79394314,0.0,127889.3,34.0,3761.45,BUY,129358.093943,-0.0317330660246,1.29358093943,-0.0320858229503,0.44000002626
2015-08-21,258716.050324,0.0,-123445.894203,-34.3904495291,3589.54,SELL,135270.156122,0.045703071206,1.35270156122,-0.0457031198075,0.380879404474
2015-08-24,258716.050324,0.0,-112646.949146,-34.3904495291,3275.53,SELL,146069.101178,0.0798324284251,1.46069101178,-0.0874791756047,0.272889953908
2015-08-25,258716.050324,0.0,-104647.730586,-34.3904495291,3042.93,SELL,154068.319739,0.0547632490099,1.54068319739,-0.0710114088407,0.192897768303
2015-08-26,258716.050324,0.0,-104054.839236,-34.3904495291,3025.69,SELL,154661.211089,0.00384823661923,1.54661211089,-0.00566559204451,0.186968854804
2015-08-27,258716.050324,0.0,-110243.400629,-34.3904495291,3205.64,SELL,148472.649696,-0.0400136617915,1.48472649696,0.059474037327,0.248854468732
2015-08-28,258716.050324,0.0,-114942.855557,-34.3904495291,3342.29,SELL,143773.194768,-0.0316519907052,1.43773194768,0.0426279931621,0.295849018013
2015-08-31,258716.050324,0.0,-115776.823958,-34.3904495291,3366.54,SELL,142939.226367,-0.00580058335929,1.42939226367,0.00725550445952,0.304188702024
2015-09-01,258716.050324,0.0,-115623.442553,-34.3904495291,3362.08,SELL,143092.607772,0.00107305327445,1.43092607772,-0.0013248023193,0.302654887975
2015-09-02,258716.050324,0.0,-115752.406739,-34.3904495291,3365.83,SELL,142963.643586,-0.000901263788134,1.42963643586,0.00111538095465,0.303944529832
2015-09-07,258716.050324,0.0,-111785.81229,-34.3904495291,3250.49,SELL,146930.238035,0.0277454767464,1.46930238035,-0.0342679220281,0.264278585346
2015-09-08,258716.050324,0.0,-114658.446539,-34.3904495291,3334.02,SELL,144057.603785,-0.0195510079313,1.44057603785,0.0256976640445,0.293004927837
2015-09-09,258716.050324,0.0,-116903.455084,-34.3904495291,3399.3,SELL,141812.59524,-0.015584103069,1.4181259524,0.0195799665269,0.31545501329
2015-09-10,258716.050324,0.0,-115467.997721,-34.3904495291,3357.56,SELL,143248.052603,0.0101222134812,1.43248052603,-0.0122789986174,0.301100439656
2015-09-11,258716.050324,0.0,-115111.368759,-34.3904495291,3347.19,SELL,143604.681565,0.00248959029554,1.43604681565,-0.00308855240115,0.29753415004
2015-09-14,258716.050324,0.0,-112839.535664,-34.3904495291,3281.13,SELL,145876.514661,0.0158200489785,1.45876514661,-0.0197359576242,0.274815819081
2015-09-15,258716.050324,0.0,-108406.606719,-34.3904495291,3152.23,SELL,150309.443605,0.0303882290759,1.50309443605,-0.0392852462414,0.230486529638
2015-09-16,258716.050324,0.0,-113806.595104,-34.3904495291,3309.25,SELL,144909.45522,-0.0359258091544,1.4490945522,0.0498123550629,0.284486413489
2015-09-17,258716.050324,0.0,-111321.885126,-34.3904495291,3237.0,SELL,147394.165199,0.0171466380486,1.47394165199,-0.0218327415578,0.259639313704
2015-09-18,258716.050324,0.0,-111812.636841,-34.3904495291,3251.27,SELL,146903.413484,-0.00332951927995,1.46903413484,0.00440840284214,0.264546830852
2015-09-21,258716.050324,0.0,-113772.204655,-34.3904495291,3308.25,SELL,144943.84567,-0.0133391578024,1.4494384567,0.0175254592821,0.284142508994
2015-09-22,258716.050324,0.0,-114830.742691,-34.3904495291,3339.03,SELL,143885.307633,-0.00730309059771,1.43885307633,0.00930401269553,0.294727889359
2015-09-23,258716.050324,0.0,-112217.068527,-34.3904495291,3263.03,SELL,146498.981797,0.0181649829799,1.46498981797,-0.0227611012779,0.268591147716
2015-09-24,258716.050324,0.0,-112972.626703,-34.3904495291,3285.0,SELL,145743.423621,-0.005157429539,1.45743423621,0.00673300582587,0.276146729478
2015-09-25,258716.050324,0.0,-111148.213356,-34.3904495291,3231.95,SELL,147567.836969,0.0125179805866,1.47567836969,-0.0161491628615,0.257902596003
2015-09-28,258716.050324,0.0,-111519.630211,-34.3904495291,3242.75,SELL,147196.420114,-0.00251692281017,1.47196420114,0.00334163585452,0.261616764552
2015-09-29,258716.050324,0.0,-109322.080486,-34.3904495291,3178.85,SELL,149393.969839,0.0149293693638,1.49393969839,-0.0197054968777,0.239641267303
2015-09-30,258716.050324,0.0,-110150.890319,-34.3904495291,3202.95,SELL,148565.160005,-0.00554781317175,1.48565160005,0.00758135803828,0.247929365639
2015-10-07,258716.050324,0.0,-110150.890319,-34.3904495291,3202.95,SELL,148565.160005,0.0,1.48565160005,0.0,0.247929365639
2015-10-08,258716.050324,0.0,-113367.429064,-34.3904495291,3296.48,SELL,145348.621261,-0.0216506935028,1.45348621261,0.029201205139,0.280094753084
2015-10-09,258716.050324,0.0,-114868.228281,-34.3904495291,3340.12,SELL,143847.822043,-0.010325513957,1.43847822043,0.0132383633451,0.295102745258
2015-10-12,258716.050324,0.0,-118567.608937,-34.3904495291,3447.69,SELL,140148.441387,-0.0257173212865,1.40148441387,0.032205429745,0.332096551817
2015-10-13,2240.8413874,0.0,137801.6,40.0,3445.04,BUY,140042.441387,-0.000756340912183,1.40042441387,-0.000768630590337,0.333156551817
2015-10-14,2240.8413874,0.0,136244.4,40.0,3406.11,BUY,138485.241387,-0.0111194862398,1.38485241387,-0.0113003042055,0.348728551817
2015-10-15,2240.8413874,0.0,139472.8,40.0,3486.82,BUY,141713.641387,0.0233122314527,1.41713641387,0.0236956528122,0.316444551817
2015-10-16,2240.8413874,0.0,141362.8,40.0,3534.07,BUY,143603.641387,0.0133367541861,1.43603641387,0.0135510293046,0.297544551817
2015-10-19,2240.8413874,0.0,141367.2,40.0,3534.18,BUY,143608.041387,3.06398915617e-05,1.43608041387,3.11255860805e-05,0.297500551817
2015-10-20,2240.8413874,0.0,143108.0,40.0,3577.7,BUY,145348.841387,0.0121218838665,1.45348841387,0.0123140304116,0.280092551817
2015-10-21,2240.8413874,0.0,138930.0,40.0,3473.25,BUY,141170.841387,-0.0287446391737,1.41170841387,-0.029194734047,0.321872551817
2015-10-22,2240.8413874,0.0,140981.2,40.0,3524.53,BUY,143222.041387,0.0145299126919,1.43222041387,0.0147642697761,0.301360551817
2015-10-23,2240.8413874,0.0,142849.6,40.0,3571.24,BUY,145090.441387,0.0130454780696,1.45090441387,0.0132528308739,0.282676551817
2015-10-26,2240.8413874,0.0,143570.4,40.0,3589.26,BUY,145811.241387,0.00496793581374,1.45811241387,0.00504586642175,0.275468551817
2015-10-27,2240.8413874,0.0,143715.2,40.0,3592.88,BUY,145956.041387,0.000993064722735,1.45956041387,0.00100856443947,0.274020551817
2015-10-28,2240.8413874,0.0,140996.8,40.0,3524.92,BUY,143237.641387,-0.0186247857517,1.43237641387,-0.0189151878159,0.301204551817
2015-10-29,2240.8413874,0.0,141332.4,40.0,3533.31,BUY,143573.241387,0.00234295955134,1.43573241387,0.0023801958626,0.297848551817
2015-10-30,2240.8413874,0.0,141363.2,40.0,3534.08,BUY,143604.041387,0.000214524654472,1.43604041387,0.000217925967436,0.297540551817
2015-11-02,2240.8413874,0.0,139038.4,40.0,3475.96,BUY,141279.241387,-0.01618895943,1.41279241387,-0.0164455813111,0.320788551817
2015-11-03,2240.8413874,0.0,138619.6,40.0,3465.49,BUY,140860.441387,-0.00296434207805,1.40860441387,-0.00301211751574,0.324976551817
2015-11-04,2240.8413874,0.0,145141.6,40.0,3628.54,BUY,147382.441387,0.0463011469775,1.47382441387,0.0470496235742,0.259756551817
2015-11-05,2240.8413874,0.0,148238.8,40.0,3705.97,BUY,150479.641387,0.0210147149881,1.50479641387,0.0213391612053,0.228784551817
2015-11-06,2240.8413874,0.0,151734.8,40.0,3793.37,BUY,153975.641387,0.023232378598,1.53975641387,0.023583569214,0.193824551817
2015-11-09,2240.8413874,0.0,153614.4,40.0,3840.36,BUY,155855.241387,0.0122071256405,1.55855241387,0.0123874022307,0.175028551817
2015-11-10,2240.8413874,0.0,153329.6,40.0,3833.24,BUY,155570.441387,-0.00182733668412,1.55570441387,-0.00185399285484,0.177876551817
2015-11-11,2240.8413874,0.0,153346.0,40.0,3833.65,BUY,155586.841387,0.000105418483446,1.55586841387,0.000106959125961,0.177712551817
2015-11-12,2240.8413874,0.0,151812.8,40.0,3795.32,BUY,154053.641387,-0.00985430378513,1.54053641387,-0.00999830448789,0.193044551817
2015-11-13,2240.8413874,0.0,149849.6,40.0,3746.24,BUY,152090.441387,-0.0127436130839,1.52090441387,-0.0129317159027,0.212676551817
2015-11-16,2240.8413874,0.0,150565.2,40.0,3764.13,BUY,152806.041387,0.00470509516227,1.52806041387,0.00477545485607,0.205520551817
2015-11-17,2240.8413874,0.0,150335.6,40.0,3758.39,BUY,152576.441387,-0.00150255839308,1.52576441387,-0.00152492076522,0.207816551817
2015-11-18,2240.8413874,0.0,148623.2,40.0,3715.58,BUY,150864.041387,-0.0112232267605,1.50864041387,-0.0113905156197,0.224940551817
2015-11-19,2240.8413874,0.0,150998.8,40.0,3774.97,BUY,153239.641387,0.015746628409,1.53239641387,0.0159840455595,0.201184551817
2015-11-20,2240.8413874,0.0,150975.2,40.0,3774.38,BUY,153216.041387,-0.000154007147148,1.53216041387,-0.000156292632789,0.201420551817
2015-11-23,2240.8413874,0.0,150133.6,40.0,3753.34,BUY,152374.441387,-0.00549289743019,1.52374441387,-0.00557442546855,0.209836551817
2015-11-24,2240.8413874,0.0,150155.6,40.0,3753.89,BUY,152396.441387,0.000144381169176,1.52396441387,0.000146536151801,0.209616551817
2015-11-25,2240.8413874,0.0,151264.4,40.0,3781.61,BUY,153505.241387,0.00727576044365,1.53505241387,0.007384339978,0.198528551817
2015-11-26,2240.8413874,0.0,150377.2,40.0,3759.43,BUY,152618.041387,-0.00577960721068,1.52618041387,-0.00586522671561,0.207400551817
2015-11-27,2240.8413874,0.0,142279.6,40.0,3556.99,BUY,144520.441387,-0.0530579473199,1.44520441387,-0.0538485887488,0.288376551817
2015-11-30,2240.8413874,0.0,142656.4,40.0,3566.41,BUY,144897.241387,0.00260724362853,1.44897241387,0.00264830657382,0.284608551817
2015-12-01,2240.8413874,0.0,143668.0,40.0,3591.7,BUY,145908.841387,0.00698149937372,1.45908841387,0.00709116450436,0.274492551817
2015-12-02,2240.8413874,0.0,148878.0,40.0,3721.95,BUY,151118.841387,0.0357072261726,1.51118841387,0.0362641646017,0.222392551817
2015-12-03,2240.8413874,0.0,149972.0,40.0,3749.3,BUY,152212.841387,0.00723933554517,1.52212841387,0.00734829860691,0.211452551817
2015-12-04,2240.8413874,0.0,147103.6,40.0,3677.59,BUY,149344.441387,-0.0188446649695,1.49344441387,-0.0191262368976,0.240136551817
2015-12-07,2240.8413874,0.0,147504.4,40.0,3687.61,BUY,149745.241387,0.00268372894415,1.49745241387,0.00272461041062,0.236128551817
2015-12-08,2240.8413874,0.0,144920.8,40.0,3623.02,BUY,147161.641387,-0.01725330285,1.47161641387,-0.0175154097098,0.261964551817
2015-12-09,2240.8413874,0.0,145437.6,40.0,3635.94,BUY,147678.441387,0.00351178469558,1.47678441387,0.00356608575167,0.256796551817
2015-12-10,2240.8413874,0.0,144923.2,40.0,3623.08,BUY,147164.041387,-0.00348324369602,1.47164041387,-0.00353691205025,0.261940551817
2015-12-11,2240.8413874,0.0,144322.4,40.0,3608.06,BUY,146563.241387,-0.00408251903343,1.46563241387,-0.00414564403767,0.267948551817
2015-12-14,2240.8413874,0.0,148452.8,40.0,3711.32,BUY,150693.641387,0.0281816911314,1.50693641387,0.0286192579946,0.226644551817
2015-12-15,2240.8413874,0.0,147775.6,40.0,3694.39,BUY,150016.441387,-0.00449388569926,1.50016441387,-0.00456171928047,0.233416551817
2015-12-16,2240.8413874,0.0,147417.6,40.0,3685.44,BUY,149658.441387,-0.0023864050946,1.49658441387,-0.00242259209233,0.236996551817
2015-12-17,299316.882775,0.0,-152519.276782,-40.6080254698,3755.89,SELL,146797.605993,-0.0191157636537,1.46797605993,0.0191157636537,0.26560490576
2015-12-18,299316.882775,0.0,-153007.385248,-40.6080254698,3767.91,SELL,146309.497527,-0.00332504377605,1.46309497527,0.00320030671825,0.270485990422
2015-12-21,299316.882775,0.0,-156989.408225,-40.6080254698,3865.97,SELL,142327.474549,-0.0272164353297,1.42327474549,0.026025037753,0.310306220198
2015-12-22,3152.55454934,0.0,139562.28,36.0,3876.73,BUY,142714.834549,0.00272161085712,1.42714834549,0.00278326008738,0.306432620198
2015-12-23,3152.55454934,0.0,139189.68,36.0,3866.38,BUY,142342.234549,-0.00261080077048,1.42342234549,-0.00266977581622,0.310158620198
2015-12-24,3152.55454934,0.0,137858.4,36.0,3829.4,BUY,141010.954549,-0.00935267037373,1.41010954549,-0.00956450219585,0.323471420198
2015-12-25,3152.55454934,0.0,138175.2,36.0,3838.2,BUY,141327.754549,0.00224663396551,1.41327754549,0.00229801013214,0.320303420198
2015-12-28,3152.55454934,0.0,134194.68,36.0,3727.63,BUY,137347.234549,-0.0281651683542,1.37347234549,-0.0288077744776,0.360108620198
2015-12-29,274694.395407,0.0,-138609.126305,-36.8457064832,3761.88,SELL,136085.269102,-0.00918813874331,1.36085269102,0.00918814367306,0.372728274668
2015-12-30,657.589102291,0.0,135546.48,36.0,3765.18,BUY,136204.069102,0.000872982070607,1.36204069102,0.000877220963986,0.371540274668
2015-12-31,657.589102291,0.0,134316.36,36.0,3731.01,BUY,134973.949102,-0.00903144823872,1.34973949102,-0.00907526333402,0.383841474668
2016-01-04,269948.079086,0.0,-125498.110459,-36.1762981026,3469.07,SELL,144449.968627,0.0702062849018,1.44449968627,-0.070206190817,0.289081279418
2016-01-05,269948.079086,0.0,-125849.382313,-36.1762981026,3478.78,SELL,144098.696773,-0.00243178906797,1.44098696773,0.00279902106328,0.292593997964
2016-01-06,269948.079086,0.0,-128057.221787,-36.1762981026,3539.81,SELL,141890.8573,-0.015321717147,1.418908573,0.0175435066316,0.314672392696
2016-01-07,269948.079086,0.0,-119178.472943,-36.1762981026,3294.38,SELL,150769.606143,0.0625744957237,1.50769606143,-0.0693342298033,0.225884904263
2016-01-08,269948.079086,0.0,-121608.79665,-36.1762981026,3361.56,SELL,148339.282436,-0.0161194538389,1.48339282436,0.02039230447,0.250188141328
2016-01-11,269948.079086,0.0,-115491.022878,-36.1762981026,3192.45,SELL,154457.056208,0.0412417646334,1.54457056208,-0.0503070003213,0.189010403607
2016-01-12,269948.079086,0.0,-116332.483572,-36.1762981026,3215.71,SELL,153615.595515,-0.00544786178451,1.53615595515,0.00728594026531,0.197425010545
2016-01-13,269948.079086,0.0,-114168.055656,-36.1762981026,3155.88,SELL,155780.02343,0.014089896981,1.5578002343,-0.0186055334592,0.175780731391
2016-01-14,269948.079086,0.0,-116544.476678,-36.1762981026,3221.57,SELL,153403.602408,-0.0152549792331,1.53403602408,0.0208151133757,0.199544941614
2016-01-15,269948.079086,0.0,-112824.106182,-36.1762981026,3118.73,SELL,157123.972905,0.0242521716471,1.57123972905,-0.0319223235876,0.162341236645
2016-01-18,269948.079086,0.0,-113258.221759,-36.1762981026,3130.73,SELL,156689.857327,-0.00276288569597,1.56689857327,0.00384772006554,0.166682392418
2016-01-19,269948.079086,0.0,-116600.911703,-36.1762981026,3223.13,SELL,153347.167383,-0.0213331609442,1.53347167383,0.0295138833435,0.200109291865
2016-01-20,269948.079086,0.0,-114837.317171,-36.1762981026,3174.38,SELL,155110.761915,0.0115006658591,1.55110761915,-0.0151250492534,0.18247334654
2016-01-21,269948.079086,0.0,-111471.474395,-36.1762981026,3081.34,SELL,158476.604691,0.0216996082922,1.58476604691,-0.0293096604691,0.148814918785
2016-01-22,269948.079086,0.0,-112633.457091,-36.1762981026,3113.46,SELL,157314.621996,-0.00733220337049,1.57314621996,0.0104240362959,0.160434745735
2016-01-25,269948.079086,0.0,-113191.65737,-36.1762981026,3128.89,SELL,156756.421716,-0.00354830512665,1.56756421716,0.00495590115177,0.166016748533
2016-01-26,269948.079086,0.0,-106376.766334,-36.1762981026,2940.51,SELL,163571.312752,0.0434743978076,1.63571312752,-0.0602066547562,0.097867838167
2016-01-27,269948.079086,0.0,-106009.215145,-36.1762981026,2930.35,SELL,163938.863941,0.00224703942603,1.63938863941,-0.00345518294446,0.0941923262798
2016-01-28,269948.079086,0.0,-103238.472473,-36.1762981026,2853.76,SELL,166709.606613,0.0169010727845,1.66709606613,-0.0261368095961,0.066484899563
2016-01-29,269948.079086,0.0,-106578.630077,-36.1762981026,2946.09,SELL,163369.449009,-0.0200357836101,1.63369449009,0.0323538069074,0.0998864756012
2016-02-01,269948.079086,0.0,-104949.249611,-36.1762981026,2901.05,SELL,164998.829476,0.00997359344985,1.64998829476,-0.0152880597674,0.0835926709357
2016-02-02,269948.079086,0.0,-107129.95686,-36.1762981026,2961.33,SELL,162818.122226,-0.0132165013325,1.62818122226,0.0207786835801,0.105399743432
2016-02-03,269948.079086,0.0,-106670.879637,-36.1762981026,2948.64,SELL,163277.199449,0.00281957079867,1.63277199449,-0.00428523670108,0.100808971203
2016-02-04,269948.079086,0.0,-107977.567525,-36.1762981026,2984.76,SELL,161970.511561,-0.00800288032791,1.61970511561,0.0122497151229,0.113875850077
2016-02-05,269948.079086,0.0,-107218.950554,-36.1762981026,2963.79,SELL,162729.128533,0.00468367336683,1.62729128533,-0.00702569050778,0.106289680365
2016-02-15,269948.079086,0.0,-106601.059382,-36.1762981026,2946.71,SELL,163347.019704,0.00379705328213,1.63347019704,-0.00576289143293,0.100110768649
2016-02-16,269948.079086,0.0,-109868.502627,-36.1762981026,3037.03,SELL,160079.57646,-0.0200030784188,1.6007957646,0.0306511329585,0.132785201096
2016-02-17,269948.079086,0.0,-110819.577504,-36.1762981026,3063.32,SELL,159128.501582,-0.00594126307773,1.59128501582,0.00865648347234,0.142295949867
2016-02-18,269948.079086,0.0,-110471.561516,-36.1762981026,3053.7,SELL,159476.51757,0.00218701228433,1.5947651757,-0.00314038363606,0.138815789989
2016-02-19,269948.079086,0.0,-110395.229527,-36.1762981026,3051.59,SELL,159552.849559,0.000478640931966,1.59552849559,-0.000690965058781,0.138052470099
2016-02-22,269948.079086,0.0,-112829.170863,-36.1762981026,3118.87,SELL,157118.908223,-0.0152547656972,1.57118908223,0.0220475227668,0.162391883463
2016-02-23,269948.079086,0.0,-111761.608306,-36.1762981026,3089.36,SELL,158186.47078,0.00679461542269,1.5818647078,-0.00946176018879,0.151716257893
2016-02-24,269948.079086,0.0,-112492.007765,-36.1762981026,3109.55,SELL,157456.071321,-0.00461733203283,1.57456071321,0.00653533417925,0.15902025248
2016-02-25,269948.079086,0.0,-105589.570087,-36.1762981026,2918.75,SELL,164358.508999,0.0438372278697,1.64358508999,-0.0613593606792,0.0899958756999
2016-02-26,269948.079086,0.0,-106648.812095,-36.1762981026,2948.03,SELL,163299.266991,-0.00644470441412,1.63299266991,0.0100316916488,0.100588295784
2016-02-29,269948.079086,0.0,-104096.212501,-36.1762981026,2877.47,SELL,165851.866585,0.0156314210171,1.65851866585,-0.0239346275309,0.0750622998432
2016-03-01,269948.079086,0.0,-106021.515086,-36.1762981026,2930.69,SELL,163926.564,-0.0116085674805,1.63926564,0.0184954143744,0.0943153256934
2016-03-02,269948.079086,0.0,-110385.823689,-36.1762981026,3051.33,SELL,159562.255397,-0.0266235593342,1.59562255397,0.0411643674357,0.137958411724
2016-03-03,269948.079086,0.0,-110642.313643,-36.1762981026,3058.42,SELL,159305.765443,-0.00160746006573,1.59305765443,0.00232357693203,0.14052331126
2016-03-04,269948.079086,0.0,-111925.486937,-36.1762981026,3093.89,SELL,158022.592149,-0.00805478251292,1.58022592149,0.0115974915152,0.153355044197
2016-03-07,269948.079086,0.0,-112321.617401,-36.1762981026,3104.84,SELL,157626.461685,-0.00250679639433,1.57626461685,0.00353923378013,0.157316348839
2016-03-08,269948.079086,0.0,-112423.996325,-36.1762981026,3107.67,SELL,157524.082762,-0.000649503405303,1.57524082762,0.000911480140684,0.158340138075
2016-03-09,269948.079086,0.0,-111130.331904,-36.1762981026,3071.91,SELL,158817.747182,0.0082124866082,1.58817747182,-0.0115070132929,0.145403493874
2016-03-10,2150.33718171,0.0,153670.65,51.0,3013.15,BUY,155820.987182,-0.0188691758521,1.55820987182,-0.0191281645621,0.175371093874
2016-03-11,311642.181218,0.0,-156086.485418,-51.7137195415,3018.28,SELL,155555.6958,-0.00170253947203,1.555556958,0.00170253721189,0.178024007686
2016-03-14,311642.181218,0.0,-158538.232861,-51.7137195415,3065.69,SELL,153103.948357,-0.0157612193552,1.53103948357,0.0157076215593,0.202541482121
2016-03-15,2885.138357,0.0,150664.22,49.0,3074.78,BUY,153549.358357,0.00290919995715,1.53549358357,0.00296507474663,0.198087382121
2016-03-16,2885.138357,0.0,151411.47,49.0,3090.03,BUY,154296.608357,0.00486651333484,1.54296608357,0.00495970443414,0.190614882121
2016-03-17,2885.138357,0.0,153085.8,49.0,3124.2,BUY,155970.938357,0.0108513726765,1.55970938357,0.0110581450666,0.173871582121
2016-03-18,2885.138357,0.0,155426.04,49.0,3171.96,BUY,158311.178357,0.0150043336576,1.58311178357,0.0152871135011,0.150469182121
2016-03-21,2885.138357,0.0,159222.56,49.0,3249.44,BUY,162107.698357,0.0239813766747,1.62107698357,0.0244265375352,0.112503982121
2016-03-22,2885.138357,0.0,158063.71,49.0,3225.79,BUY,160948.848357,-0.00714864261072,1.60948848357,-0.00727817716283,0.124092482121
2016-03-23,2885.138357,0.0,158568.41,49.0,3236.09,BUY,161453.548357,0.00313577888349,1.61453548357,0.00319301628438,0.119045482121
2016-03-24,2885.138357,0.0,155910.65,49.0,3181.85,BUY,158795.788357,-0.0164614530126,1.58795788357,-0.016760967711,0.145623082121
2016-03-25,2885.138357,0.0,156693.18,49.0,3197.82,BUY,159578.318357,0.00492790147709,1.59578318357,0.00501909266622,0.137797782121
2016-03-28,2885.138357,0.0,155316.77,49.0,3169.73,BUY,158201.908357,-0.00862529455236,1.58201908357,-0.00878410917438,0.151561882121
2016-03-29,2885.138357,0.0,153635.09,49.0,3135.41,BUY,156520.228357,-0.010629960267,1.56520228357,-0.010827420632,0.168378682121
2016-03-30,2885.138357,0.0,157597.72,49.0,3216.28,BUY,160482.858357,0.0253170471421,1.60482858357,0.0257924800903,0.128752382121
2016-03-31,2885.138357,0.0,157686.41,49.0,3218.09,BUY,160571.548357,0.000552644693072,1.60571548357,0.000562761948587,0.127865482121
2016-04-01,2885.138357,0.0,157872.61,49.0,3221.89,BUY,160757.748357,0.00115960767586,1.60757748357,0.00118082465065,0.126003482121
2016-04-05,2885.138357,0.0,159960.01,49.0,3264.49,BUY,162845.148357,0.0129847551445,1.62845148357,0.0132220528944,0.105129482121
2016-04-06,2885.138357,0.0,159618.97,49.0,3257.53,BUY,162504.108357,-0.00209425950629,1.62504108357,-0.00213203287497,0.108539882121
2016-04-07,2885.138357,0.0,157255.21,49.0,3209.29,BUY,160140.348357,-0.0145458476336,1.60140348357,-0.014808766151,0.132177482121
2016-04-08,2885.138357,0.0,156100.77,49.0,3185.73,BUY,158985.908357,-0.00720892649382,1.58985908357,-0.00734118761471,0.143721882121
2016-04-11,2885.138357,0.0,158274.9,49.0,3230.1,BUY,161160.038357,0.0136749855535,1.61160038357,0.0139277339888,0.121980582121
2016-04-12,2885.138357,0.0,157704.05,49.0,3218.45,BUY,160589.188357,-0.00354213119964,1.60589188357,-0.00360669948299,0.127689082121
2016-04-13,2885.138357,0.0,159807.62,49.0,3261.38,BUY,162692.758357,0.0130990761054,1.62692758357,0.0133387189486,0.106653382121
2016-04-14,2885.138357,0.0,160515.67,49.0,3275.83,BUY,163400.808357,0.00435206832283,1.63400808357,0.00443063979052,0.099572882121
2016-04-15,2885.138357,0.0,160337.8,49.0,3272.2,BUY,163222.938357,-0.00108855030638,1.63222938357,-0.00110811611103,0.101351582121
2016-04-18,2885.138357,0.0,158194.05,49.0,3228.45,BUY,161079.188357,-0.0131338770248,1.61079188357,-0.0133702096449,0.122789082121
2016-04-19,2885.138357,0.0,158676.7,49.0,3238.3,BUY,161561.838357,0.00299635232163,1.61561838357,0.00305099970574,0.117962582121
2016-04-20,2885.138357,0.0,155870.47,49.0,3181.03,BUY,158755.608357,-0.0173693864129,1.58755608357,-0.0176852052003,0.146024882121
2016-04-21,2885.138357,0.0,154869.4,49.0,3160.6,BUY,157754.538357,-0.00630572998561,1.57754538357,-0.00642244807499,0.156035582121
2016-04-22,2885.138357,0.0,155570.1,49.0,3174.9,BUY,158455.238357,0.00444171056692,1.58455238357,0.00452445738151,0.149028582121
2016-04-25,2885.138357,0.0,154939.47,49.0,3162.03,BUY,157824.608357,-0.00397986211462,1.57824608357,-0.00405367098176,0.155334882121
2016-04-26,2885.138357,0.0,155778.84,49.0,3179.16,BUY,158663.978357,0.00531837213942,1.58663978357,0.00541740590696,0.146941182121
2016-04-27,2885.138357,0.0,155130.08,49.0,3165.92,BUY,158015.218357,-0.00408889280805,1.58015218357,-0.00416462210144,0.153428782121
2016-04-28,2885.138357,0.0,154868.42,49.0,3160.58,BUY,157753.558357,-0.00165591645362,1.57753558357,-0.00168671349876,0.156045382121
2016-04-29,2885.138357,0.0,154680.26,49.0,3156.74,BUY,157565.398357,-0.00119274647089,1.57565398357,-0.00121496687317,0.157926982121
2016-05-03,315130.547145,0.0,-160400.257302,-49.9138822924,3213.54,SELL,154730.289843,-0.0179932176973,1.54730289843,0.017993246197,0.186278067263
2016-05-04,315130.547145,0.0,-160196.608662,-49.9138822924,3209.46,SELL,154933.938483,0.00131615238335,1.54933938483,-0.001269627887,0.184241580866
2016-05-05,315130.547145,0.0,-160419.224577,-49.9138822924,3213.92,SELL,154711.322568,-0.00143684409758,1.54711322568,0.00138964187122,0.186467740016
2016-05-06,315130.547145,0.0,-156247.921434,-49.9138822924,3130.35,SELL,158882.625711,0.0269618478722,1.58882625711,-0.0260025140638,0.144754708584
2016-05-09,315130.547145,0.0,-153016.496694,-49.9138822924,3065.61,SELL,162114.05045,0.0203384399342,1.6211405045,-0.0206813934544,0.112440461188
2016-05-10,315130.547145,0.0,-153191.195282,-49.9138822924,3069.11,SELL,161939.351862,-0.00107762767964,1.61939351862,0.00114169773716,0.114187447068
2016-05-11,315130.547145,0.0,-153875.01547,-49.9138822924,3082.81,SELL,161255.531675,-0.00422269312271,1.61255531675,0.0044638347925,0.121025648942
2016-05-12,315130.547145,0.0,-154240.884227,-49.9138822924,3090.14,SELL,160889.662918,-0.00226887569935,1.60889662918,0.00237770086382,0.124684336514
2016-05-13,315130.547145,0.0,-153481.694077,-49.9138822924,3074.93,SELL,161648.853067,0.0047187006045,1.61648853067,-0.004922107089,0.117092435018
2016-05-16,315130.547145,0.0,-154498.938998,-49.9138822924,3095.31,SELL,160631.608146,-0.00629293002589,1.60631608146,0.00662779315301,0.127264884229
2016-05-17,315130.547145,0.0,-154035.239032,-49.9138822924,3086.02,SELL,161095.308113,0.00288672927979,1.61095308113,-0.00300131489253,0.122627884564
2016-05-18,315130.547145,0.0,-153137.288289,-49.9138822924,3068.03,SELL,161993.258855,0.00557403411036,1.61993258855,-0.00582951503879,0.113648377139
2016-05-19,315130.547145,0.0,-152861.26452,-49.9138822924,3062.5,SELL,162269.282624,0.00170392132998,1.62269282624,-0.00180245955874,0.110888139449
2016-05-20,315130.547145,0.0,-153645.91075,-49.9138822924,3078.22,SELL,161484.636395,-0.00483545756132,1.61484636395,0.00513306122449,0.118734601745
2016-05-23,315130.547145,0.0,-154095.135691,-49.9138822924,3087.22,SELL,161035.411454,-0.00278184321841,1.61035411454,0.00292376763194,0.123226851151
2016-05-24,315130.547145,0.0,-152913.674097,-49.9138822924,3063.55,SELL,162216.873048,0.00733665709419,1.62216873048,-0.00766709207637,0.111412235213
2016-05-25,315130.547145,0.0,-152697.546986,-49.9138822924,3059.22,SELL,162433.000158,0.00133233433899,1.62433000158,-0.00141339295915,0.109250964109
2016-05-26,315130.547145,0.0,-152946.617259,-49.9138822924,3064.21,SELL,162183.929886,-0.00153337235904,1.62183929886,0.00163113473369,0.111741666836
2016-05-27,315130.547145,0.0,-152861.26452,-49.9138822924,3062.5,SELL,162269.282624,0.000526271245124,1.62269282624,-0.000558055746832,0.110888139449
2016-05-30,315130.547145,0.0,-153071.401965,-49.9138822924,3066.71,SELL,162059.14518,-0.00129499213315,1.6205914518,0.00137469387755,0.112989513893
2016-05-31,315130.547145,0.0,-158205.044759,-49.9138822924,3169.56,SELL,156925.502386,-0.0316775877602,1.56925502386,0.0335375695778,0.164325941831
2016-06-01,315130.547145,0.0,-157755.320679,-49.9138822924,3160.55,SELL,157375.226465,0.00286584444603,1.57375226465,-0.00284266585898,0.159828701036
2016-06-02,315130.547145,0.0,-158082.256608,-49.9138822924,3167.1,SELL,157048.290536,-0.00207742944273,1.57048290536,0.0020724241034,0.163098060326
2016-06-03,1860.39053645,0.0,156276.68,49.0,3189.32,BUY,158137.070536,0.00693277205553,1.58137070536,0.0070158820372,0.152210260326
2016-06-06,1860.39053645,0.0,155760.71,49.0,3178.79,BUY,157621.100536,-0.00326280231605,1.57621100536,-0.00330164423764,0.157369960326
2016-06-07,1860.39053645,0.0,155675.45,49.0,3177.05,BUY,157535.840536,-0.000540917426092,1.57535840536,-0.000547378090405,0.158222560326
2016-06-08,1860.39053645,0.0,155035.51,49.0,3163.99,BUY,156895.900536,-0.00406218672412,1.56895900536,-0.00411073165358,0.164621960326
2016-06-13,1860.39053645,0.0,150250.66,49.0,3066.34,BUY,152111.050536,-0.0304969727293,1.52111050536,-0.0308629294024,0.212470460326
2016-06-14,304222.051466,0.0,-152589.209494,-49.6066975384,3075.98,SELL,151632.841972,-0.00314381212005,1.51632841972,0.00314381314531,0.217252545969
2016-06-15,304222.051466,0.0,-154592.824008,-49.6066975384,3116.37,SELL,149629.227459,-0.0132135920393,1.49629227459,0.0131307745824,0.237288691105
2016-06-16,304222.051466,0.0,-153516.358671,-49.6066975384,3094.67,SELL,150705.692795,0.00719421836807,1.50705692795,-0.00696322965502,0.226524037739
2016-06-17,304222.051466,0.0,-154294.687755,-49.6066975384,3110.36,SELL,149927.363711,-0.00516456326195,1.49927363711,0.00507000746445,0.234307328583
2016-06-20,304222.051466,0.0,-154409.279227,-49.6066975384,3112.67,SELL,149812.77224,-0.000764313254615,1.4981277224,0.000742679304003,0.235453243296
2016-06-21,304222.051466,0.0,-154094.276697,-49.6066975384,3106.32,SELL,150127.774769,0.002102641348,1.50127774769,-0.0020400492182,0.232303218002
2016-06-22,1024.41476887,0.0,150430.08,48.0,3133.96,BUY,151454.494769,0.00883727213064,1.51454494769,0.00889798861676,0.219036018002
2016-06-23,1024.41476887,0.0,149631.36,48.0,3117.32,BUY,150655.774769,-0.00527366322947,1.50655774769,-0.0053095763826,0.227023218002
2016-06-24,1024.41476887,0.0,147703.68,48.0,3077.16,BUY,148728.094769,-0.01279526127,1.48728094769,-0.012882860919,0.246300018002
2016-06-27,297456.431203,0.0,-150825.02144,-48.3329877009,3120.54,SELL,146631.409762,-0.0140974374057,1.46631409762,0.0140974144991,0.267266868067
2016-06-28,3086.5697624,0.0,144274.4,46.0,3136.4,BUY,147360.969762,0.00497546877018,1.47360969762,0.00508245367789,0.259971268067
2016-06-29,3086.5697624,0.0,144963.94,46.0,3151.39,BUY,148050.509762,0.00467925802274,1.48050509762,0.00477936487693,0.253075868067
2016-06-30,3086.5697624,0.0,145080.32,46.0,3153.92,BUY,148166.889762,0.000786083075207,1.48166889762,0.000802820342769,0.251912068067
2016-07-01,3086.5697624,0.0,145093.2,46.0,3154.2,BUY,148179.769762,8.69290029684e-05,1.48179769762,8.87784090908e-05,0.251783268067
2016-07-04,3086.5697624,0.0,147416.2,46.0,3204.7,BUY,150502.769762,0.0156769038292,1.50502769762,0.0160103988333,0.228553268067
2016-07-05,3086.5697624,0.0,147539.48,46.0,3207.38,BUY,150626.049762,0.000819121137735,1.50626049762,0.000836271725903,0.227320468067
2016-07-06,3086.5697624,0.0,147972.8,46.0,3216.8,BUY,151059.369762,0.00287679322855,1.51059369762,0.00293697659772,0.222987268067
2016-07-07,3086.5697624,0.0,147657.7,46.0,3209.95,BUY,150744.269762,-0.0020859348248,1.50744269762,-0.00212944541159,0.226138268067
2016-07-08,3086.5697624,0.0,146844.88,46.0,3192.28,BUY,149931.449762,-0.00539204575591,1.49931449762,-0.0055047586411,0.234266468067
2016-07-11,3086.5697624,0.0,147353.18,46.0,3203.33,BUY,150439.749762,0.00339021600075,1.50439749762,0.00346147581039,0.229183468067
2016-07-12,3086.5697624,0.0,150566.28,46.0,3273.18,BUY,153652.849762,0.0213580520114,1.53652849762,0.0218054337205,0.197052468067
2016-07-13,3086.5697624,0.0,151012.02,46.0,3282.87,BUY,154098.589762,0.00290095498189,1.54098589762,0.00296042380804,0.192595068067
2016-07-14,3086.5697624,0.0,150730.96,46.0,3276.76,BUY,153817.529762,-0.00182389728831,1.53817529762,-0.00186117634874,0.195405668067
2016-07-15,3086.5697624,0.0,150708.88,46.0,3276.28,BUY,153795.449762,-0.000143546707804,1.53795449762,-0.000146486163161,0.195626468067
2016-07-18,3086.5697624,0.0,150052.92,46.0,3262.02,BUY,153139.489762,-0.00426514569198,1.53139489762,-0.00435249734455,0.202186068067
2016-07-19,3086.5697624,0.0,149418.58,46.0,3248.23,BUY,152505.149762,-0.00414223660392,1.52505149762,-0.00422744189183,0.208529468067
2016-07-20,3086.5697624,0.0,148930.06,46.0,3237.61,BUY,152016.629762,-0.00320330166398,1.52016629762,-0.00326947291294,0.213414668067
2016-07-21,3086.5697624,0.0,149615.92,46.0,3252.52,BUY,152702.489762,0.00451174322883,1.52702489762,0.00460524893363,0.206556068067
2016-07-22,3086.5697624,0.0,148357.36,46.0,3225.16,BUY,151443.929762,-0.00824190883828,1.51443929762,-0.00841193905034,0.219141668067
2016-07-25,3086.5697624,0.0,148620.94,46.0,3230.89,BUY,151707.509762,0.00174044612031,1.51707509762,0.00177665604187,0.216505868067
2016-07-26,3086.5697624,0.0,150401.14,46.0,3269.59,BUY,153487.709762,0.0117344223947,1.53487709762,0.0119781236749,0.198703868067
2016-07-27,3086.5697624,0.0,148039.04,46.0,3218.24,BUY,151125.609762,-0.0153895058025,1.51125609762,-0.0157053330846,0.222324868067
2016-07-28,3086.5697624,0.0,148172.44,46.0,3221.14,BUY,151259.009762,0.000882709424364,1.51259009762,0.000901113652183,0.220990868067
2016-07-29,3086.5697624,0.0,147380.78,46.0,3203.93,BUY,150467.349762,-0.0052338039317,1.50467349762,-0.00534282893634,0.228907468067
2016-08-01,3086.5697624,0.0,146133.26,46.0,3176.81,BUY,149219.829762,-0.00829096812013,1.49219829762,-0.00846460440771,0.241382668067
2016-08-02,3086.5697624,0.0,146696.3,46.0,3189.05,BUY,149782.869762,0.00377322505257,1.49782869762,0.00385292164152,0.235752268067
2016-08-03,3086.5697624,0.0,146901.46,46.0,3193.51,BUY,149988.029762,0.00136971604514,1.49988029762,0.00139853561405,0.233700668067
2016-08-04,3086.5697624,0.0,147259.34,46.0,3201.29,BUY,150345.909762,0.0023860570778,1.50345909762,0.00243619089967,0.230121868067
2016-08-05,3086.5697624,0.0,147435.06,46.0,3205.11,BUY,150521.629762,0.00116877140374,1.50521629762,0.00119326896345,0.228364668067
2016-08-08,3086.5697624,0.0,148772.28,46.0,3234.18,BUY,151858.849762,0.00888390593505,1.51858849762,0.00906989151698,0.214992468067
2016-08-09,3086.5697624,0.0,149821.08,46.0,3256.98,BUY,152907.649762,0.00690641343353,1.52907649762,0.00704970038773,0.204504468067
2016-08-10,3086.5697624,0.0,149193.64,46.0,3243.34,BUY,152280.209762,-0.0041033918249,1.52280209762,-0.00418792869468,0.210778868067
2016-08-11,3086.5697624,0.0,148734.56,46.0,3233.36,BUY,151821.129762,-0.00301470559251,1.51821129762,-0.00307707486727,0.215369668067
2016-08-12,3086.5697624,0.0,151534.58,46.0,3294.23,BUY,154621.149762,0.0184428873924,1.54621149762,0.018825617933,0.187369468067
2016-08-15,3086.5697624,0.0,156097.32,46.0,3393.42,BUY,159183.889762,0.0295091583979,1.59183889762,0.0301102230263,0.141742068067
2016-08-16,3086.5697624,0.0,155399.04,46.0,3378.24,BUY,158485.609762,-0.00438662480884,1.58485609762,-0.00447336315575,0.148724868067
2016-08-17,3086.5697624,0.0,155160.3,46.0,3373.05,BUY,158246.869762,-0.00150638282149,1.58246869762,-0.00153630292697,0.151112268067
2016-08-18,3086.5697624,0.0,154766.54,46.0,3364.49,BUY,157853.109762,-0.00248826406861,1.57853109762,-0.00253776255911,0.155049868067
2016-08-19,3086.5697624,0.0,154790.92,46.0,3365.02,BUY,157877.489762,0.000154447384893,1.57877489762,0.00015752758962,0.154806068067
2016-08-22,3086.5697624,0.0,153492.34,46.0,3336.79,BUY,156578.909762,-0.00822523845517,1.56578909762,-0.00838925177265,0.167791868067
2016-08-23,3086.5697624,0.0,153724.18,46.0,3341.83,BUY,156810.749762,0.00148065917914,1.56810749762,0.00151043368027,0.165473468067
2016-08-24,3086.5697624,0.0,153173.56,46.0,3329.86,BUY,156260.129762,-0.00351136641355,1.56260129762,-0.00358186981384,0.170979668067
2016-08-25,3086.5697624,0.0,152212.62,46.0,3308.97,BUY,155299.189762,-0.00614961731736,1.55299189762,-0.00627353702558,0.180589068067
2016-08-26,3086.5697624,0.0,152126.14,46.0,3307.09,BUY,155212.709762,-0.00055686060006,1.55212709762,-0.000568152627555,0.181453868067
2016-08-29,3086.5697624,0.0,152157.88,46.0,3307.78,BUY,155244.449762,0.000204493562728,1.55244449762,0.000208642643533,0.181136468067
2016-08-30,3086.5697624,0.0,152351.54,46.0,3311.99,BUY,155438.109762,0.00124745200422,1.55438109762,0.00127275695482,0.179199868067
2016-08-31,3086.5697624,0.0,153078.34,46.0,3327.79,BUY,156164.909762,0.0046758159959,1.56164909762,0.00477054580479,0.171931868067
2016-09-01,3086.5697624,0.0,151872.68,46.0,3301.58,BUY,154959.249762,-0.00772042837174,1.54959249762,-0.00787609795089,0.183988468067
2016-09-02,3086.5697624,0.0,152449.06,46.0,3314.11,BUY,155535.629762,0.0037195585348,1.55535629762,0.0037951526239,0.178224668067
2016-09-05,3086.5697624,0.0,152705.28,46.0,3319.68,BUY,155791.849762,0.00164733958638,1.55791849762,0.00168069255396,0.175662468067
2016-09-06,3086.5697624,0.0,153760.98,46.0,3342.63,BUY,156847.549762,0.00677634935082,1.56847549762,0.00691331694621,0.165105468067
2016-09-07,3086.5697624,0.0,153677.72,46.0,3340.82,BUY,156764.289762,-0.000530833922023,1.56764289762,-0.00054148978499,0.165938068067
2016-09-08,3086.5697624,0.0,153619.76,46.0,3339.56,BUY,156706.329762,-0.000369727060211,1.56706329762,-0.000377152914554,0.166517668067
2016-09-09,3086.5697624,0.0,152629.84,46.0,3318.04,BUY,155716.409762,-0.00631703902134,1.55716409762,-0.00644396267772,0.176416868067
2016-09-12,3086.5697624,0.0,150079.6,46.0,3262.6,BUY,153166.169762,-0.0163774646737,1.53166169762,-0.016708659329,0.201919268067
2016-09-13,3086.5697624,0.0,149975.18,46.0,3260.33,BUY,153061.749762,-0.000681743234567,1.53061749762,-0.00069576411451,0.202963468067
2016-09-14,3086.5697624,0.0,148981.58,46.0,3238.73,BUY,152068.149762,-0.0064914977226,1.52068149762,-0.00662509623259,0.212899468067
2016-09-19,3086.5697624,0.0,150103.52,46.0,3263.12,BUY,153190.089762,0.00737787631238,1.53190089762,0.00753072963785,0.201680068067
2016-09-20,3086.5697624,0.0,149840.4,46.0,3257.4,BUY,152926.969762,-0.00171760458139,1.52926969762,-0.00175292358234,0.204311268067
2016-09-21,3086.5697624,0.0,150265.44,46.0,3266.64,BUY,153352.009762,0.00277936586764,1.53352009762,0.00283661816172,0.200060868067
2016-09-22,3086.5697624,0.0,151391.52,46.0,3291.12,BUY,154478.089762,0.00734310558919,1.54478089762,0.00749393872603,0.188800068067
2016-09-23,3086.5697624,0.0,150680.82,46.0,3275.67,BUY,153767.389762,-0.00460065243617,1.53767389762,-0.0046944505214,0.195907068067
2016-09-26,3086.5697624,0.0,148132.88,46.0,3220.28,BUY,151219.449762,-0.0165700933334,1.51219449762,-0.0169095177475,0.221386468067
2016-09-27,302438.75865,0.0,-152180.54805,-46.9584349457,3240.75,SELL,150258.210599,-0.00635658418841,1.50258210599,0.00635659011018,0.2309988597
2016-09-28,302438.75865,0.0,-151717.537882,-46.9584349457,3230.89,SELL,150721.220768,0.00308143007107,1.50721220768,-0.00304250559284,0.226368758015
2016-09-29,302438.75865,0.0,-152351.476754,-46.9584349457,3244.39,SELL,150087.281896,-0.00420603594198,1.50087281896,0.00417841523543,0.232708146732
2016-09-30,302438.75865,0.0,-152768.93724,-46.9584349457,3253.28,SELL,149669.821409,-0.00278145144208,1.49669821409,0.00274011447452,0.236882751599
2016-10-10,302438.75865,0.0,-154674.980115,-46.9584349457,3293.87,SELL,147763.778535,-0.0127349846248,1.47763778535,0.0124766389613,0.255943180344
2016-10-11,302438.75865,0.0,-155270.882654,-46.9584349457,3306.56,SELL,147167.875995,-0.00403280523394,1.47167875995,0.00385261106237,0.261902205738
2016-10-12,302438.75865,0.0,-154963.304905,-46.9584349457,3300.01,SELL,147475.453744,0.00208997885452,1.47475453744,-0.00198091067454,0.258826428249
2016-10-13,302438.75865,0.0,-155086.805589,-46.9584349457,3302.64,SELL,147351.95306,-0.000837432133767,1.4735195306,0.000796967281917,0.260061435088
2016-10-14,302438.75865,0.0,-155237.542165,-46.9584349457,3305.85,SELL,147201.216484,-0.00102296965222,1.47201216484,0.000971949712957,0.26156880085
2016-10-17,302438.75865,0.0,-153924.11474,-46.9584349457,3277.88,SELL,148514.64391,0.00892266692357,1.4851464391,-0.00846075895761,0.248434526596
2016-10-18,302438.75865,0.0,-155964.458738,-46.9584349457,3321.33,SELL,146474.299911,-0.0137383354576,1.46474299911,0.0132555188109,0.26883796658
2016-10-19,335.779911135,0.0,145914.56,44.0,3316.24,BUY,146250.339911,-0.00152900543055,1.46250339911,-0.00153251859948,0.27107756658
2016-10-20,335.779911135,0.0,146018.4,44.0,3318.6,BUY,146354.179911,0.000710015443814,1.46354179911,0.000711649337804,0.27003916658
2016-10-21,292708.183418,0.0,-146757.087817,-44.1011280379,3327.74,SELL,145951.095601,-0.00275417012696,1.45951095601,0.00275417344663,0.274070009682
2016-10-24,2858.27560087,0.0,144805.94,43.0,3367.58,BUY,147664.215601,0.011737630286,1.47664215601,0.0119720891656,0.256938809682
2016-10-25,2858.27560087,0.0,144800.35,43.0,3367.45,BUY,147658.625601,-3.78561588348e-05,1.47658625601,-3.86033887837e-05,0.256994709682
2016-10-26,2858.27560087,0.0,144256.4,43.0,3354.8,BUY,147114.675601,-0.00368383491169,1.47114675601,-0.00375655169342,0.262434209682
2016-10-27,2858.27560087,0.0,143865.1,43.0,3345.7,BUY,146723.375601,-0.00265982981237,1.46723375601,-0.00271253129844,0.266347209682
2016-10-28,2858.27560087,0.0,143625.59,43.0,3340.13,BUY,146483.865601,-0.0016323915601,1.46483865601,-0.0016648235048,0.268742309682
2016-11-02,2858.27560087,0.0,143334.05,43.0,3333.35,BUY,146192.325601,-0.0019902533211,1.46192325601,-0.00202986111319,0.271657709682
2016-11-03,2858.27560087,0.0,144698.87,43.0,3365.09,BUY,147557.145601,0.00933578417602,1.47557145601,0.00952195239024,0.258009509682
2016-11-04,2858.27560087,0.0,144229.31,43.0,3354.17,BUY,147087.585601,-0.00318222474478,1.47087585601,-0.00324508408393,0.262705109682
2016-11-07,2858.27560087,0.0,144333.37,43.0,3356.59,BUY,147191.645601,0.000707469631614,1.47191645601,0.000721489966221,0.261664509682
2016-11-08,2858.27560087,0.0,144958.16,43.0,3371.12,BUY,147816.435601,0.00424473819455,1.47816435601,0.00432879797652,0.255416609682
2016-11-09,2858.27560087,0.0,144181.15,43.0,3353.05,BUY,147039.425601,-0.00525658731278,1.47039425601,-0.00536023636062,0.263186709682
2016-11-10,2858.27560087,0.0,145796.23,43.0,3390.61,BUY,148654.505601,0.0109839928536,1.48654505601,0.0112017416979,0.247035909682
2016-11-11,2858.27560087,0.0,146940.46,43.0,3417.22,BUY,149798.735601,0.00769724399119,1.49798735601,0.00784814531898,0.235593609682
2016-11-14,2858.27560087,0.0,147500.75,43.0,3430.25,BUY,150359.025601,0.00374028524175,1.50359025601,0.00381304100994,0.229990709682
2016-11-15,2858.27560087,0.0,147484.41,43.0,3429.87,BUY,150342.685601,-0.000108673223537,1.50342685601,-0.000110779097733,0.230154109682
2016-11-16,2858.27560087,0.0,147472.37,43.0,3429.59,BUY,150330.645601,-8.00837097721e-05,1.50330645601,-8.16357471274e-05,0.230274509682
2016-11-17,2858.27560087,0.0,147770.79,43.0,3436.53,BUY,150629.065601,0.00198509092279,1.50629065601,0.00202356549908,0.227290309682
2016-11-18,2858.27560087,0.0,146950.78,43.0,3417.46,BUY,149809.055601,-0.0054439028532,1.49809055601,-0.00554920224762,0.235490409682
2016-11-21,2858.27560087,0.0,147967.73,43.0,3441.11,BUY,150826.005601,0.00678830792919,1.50826005601,0.00692034434931,0.225320909682
2016-11-22,2858.27560087,0.0,149139.48,43.0,3468.36,BUY,151997.755601,0.00776888571259,1.51997755601,0.00791895638326,0.213603409682
2016-11-23,2858.27560087,0.0,149413.39,43.0,3474.73,BUY,152271.665601,0.0018020660826,1.52271665601,0.00183660289013,0.210864309682
2016-11-24,2858.27560087,0.0,150015.82,43.0,3488.74,BUY,152874.095601,0.00395628430032,1.52874095601,0.00403196795147,0.204840009682
2016-11-25,2858.27560087,0.0,151415.9,43.0,3521.3,BUY,154274.175601,0.00915838615102,1.54274175601,0.00933288235867,0.190839209682
2016-11-28,2858.27560087,0.0,152008.44,43.0,3535.08,BUY,154866.715601,0.00384082428373,1.54866715601,0.00391332746429,0.184913809682
2016-11-29,2858.27560087,0.0,153253.72,43.0,3564.04,BUY,156111.995601,0.00804097894869,1.56111995601,0.00819217669756,0.172461009682
2016-11-30,2858.27560087,0.0,152134.0,43.0,3538.0,BUY,154992.275601,-0.00717254299191,1.54992275601,-0.0073063153051,0.183658209682
2016-12-01,2858.27560087,0.0,153296.72,43.0,3565.04,BUY,156154.995601,0.00750179320545,1.56154995601,0.00764273600904,0.172031009682
2016-12-02,2858.27560087,0.0,151744.85,43.0,3528.95,BUY,154603.125601,-0.00993801059024,1.54603125601,-0.0101233085744,0.187549709682
2016-12-05,2858.27560087,0.0,149184.63,43.0,3469.41,BUY,152042.905601,-0.0165599498073,1.52042905601,-0.0168718740702,0.213151909682
2016-12-06,2858.27560087,0.0,148743.45,43.0,3459.15,BUY,151601.725601,-0.00290168093182,1.51601725601,-0.00295727515629,0.217563709682
2016-12-07,2858.27560087,0.0,149457.25,43.0,3475.75,BUY,152315.525601,0.00470838967809,1.52315525601,0.00479886677363,0.210425709682
2016-12-08,2858.27560087,0.0,149216.02,43.0,3470.14,BUY,152074.295601,-0.00158375187985,1.52074295601,-0.00161404013522,0.212838009682
2016-12-09,2858.27560087,0.0,150229.1,43.0,3493.7,BUY,153087.375601,0.00666174382723,1.53087375601,0.00678935143827,0.202707209682
2016-12-12,2858.27560087,0.0,146594.74,43.0,3409.18,BUY,149453.015601,-0.0237404291878,1.49453015601,-0.0241921172396,0.239050809682
2016-12-13,2858.27560087,0.0,146416.72,43.0,3405.04,BUY,149274.995601,-0.0011911435797,1.49274995601,-0.00121436826451,0.240831009682
2016-12-14,2858.27560087,0.0,145294.85,43.0,3378.95,BUY,148153.125601,-0.00751545826871,1.48153125601,-0.0076621713695,0.252049709682
2016-12-15,2858.27560087,0.0,143638.49,43.0,3340.43,BUY,146496.765601,-0.0111800543747,1.46496765601,-0.0113999911215,0.268613309682
2016-12-16,292993.531202,0.0,-146742.357302,-43.855660978,3346.03,SELL,146251.173899,-0.00167643087866,1.46251173899,0.00167643087866,0.271069226697
2016-12-19,292993.531202,0.0,-145994.618283,-43.855660978,3328.98,SELL,146998.912919,0.00511270439573,1.46998912919,-0.00509559089428,0.2635918365
2016-12-20,292993.531202,0.0,-145121.013516,-43.855660978,3309.06,SELL,147872.517686,0.00594293351791,1.47872517686,-0.00598381486221,0.254855788833
2016-12-21,292993.531202,0.0,-146413.878402,-43.855660978,3338.54,SELL,146579.6528,-0.00874310457322,1.465796528,0.00890887442355,0.26778443769
2016-12-22,292993.531202,0.0,-146288.012655,-43.855660978,3335.67,SELL,146705.518547,0.00085868498528,1.46705518547,-0.000859657215429,0.26652578022
2016-12-23,292993.531202,0.0,-145056.984251,-43.855660978,3307.6,SELL,147936.546951,0.00839115266995,1.47936546951,-0.00841510101419,0.254215496183
2016-12-26,292993.531202,0.0,-145706.048033,-43.855660978,3322.4,SELL,147287.483168,-0.00438744715794,1.47287483168,0.00447454347563,0.260706134008
2016-12-27,292993.531202,0.0,-145442.475511,-43.855660978,3316.39,SELL,147551.055691,0.00178951066858,1.47551055691,-0.00180893330123,0.258070408783
2016-12-28,292993.531202,0.0,-144806.568427,-43.855660978,3301.89,SELL,148186.962775,0.0043097426935,1.48186962775,-0.00437222401467,0.251711337941
2016-12-29,292993.531202,0.0,-144625.444547,-43.855660978,3297.76,SELL,148368.086655,0.00122226595679,1.48368086655,-0.00125079878494,0.249900099143
2016-12-30,292993.531202,0.0,-145165.74629,-43.855660978,3310.08,SELL,147827.784912,-0.00364163045727,1.47827784912,0.00373586919606,0.255303116575
2017-01-03,292993.531202,0.0,-146575.705791,-43.855660978,3342.23,SELL,146417.825411,-0.00953785177318,1.46417825411,0.00971275618716,0.26940271158
2017-01-04,292993.531202,0.0,-147719.461429,-43.855660978,3368.31,SELL,145274.069773,-0.00781158738764,1.45274069773,0.00780317333038,0.280840267963
2017-01-05,292993.531202,0.0,-147696.656485,-43.855660978,3367.79,SELL,145296.874717,0.000156978762585,1.45296874717,-0.000154380089719,0.280612218526
2017-01-06,292993.531202,0.0,-146814.280586,-43.855660978,3347.67,SELL,146179.250615,0.00607291726405,1.46179250615,-0.00597424423732,0.271788459537
2017-01-09,292993.531202,0.0,-147526.057964,-43.855660978,3363.9,SELL,145467.473238,-0.004869209376,1.45467473238,0.00484814811496,0.278906233314
2017-01-10,292993.531202,0.0,-147279.150593,-43.855660978,3358.27,SELL,145714.380609,0.00169733732092,1.45714380609,-0.00167365260561,0.276437159601
2017-01-11,292993.531202,0.0,-146236.701531,-43.855660978,3334.5,SELL,146756.82967,0.00715405752741,1.4675682967,-0.00707804911457,0.266012668986
2017-01-12,292993.531202,0.0,-145496.417974,-43.855660978,3317.62,SELL,147497.113228,0.00504428692669,1.47497113228,-0.00506222822012,0.258609833413
2017-01-13,292993.531202,0.0,-145596.847438,-43.855660978,3319.91,SELL,147396.683764,-0.000680891045539,1.47396683764,0.00069025385668,0.25961412805
2017-01-16,292993.531202,0.0,-145576.673834,-43.855660978,3319.45,SELL,147416.857368,0.000136866064654,1.47416857368,-0.000138557972957,0.259412392009
2017-01-17,292993.531202,0.0,-145879.716451,-43.855660978,3326.36,SELL,147113.814751,-0.00205568496554,1.47113814751,0.0020816701562,0.262442818183
2017-01-18,292993.531202,0.0,-146450.2786,-43.855660978,3339.37,SELL,146543.252602,-0.00387837233567,1.46543252602,0.00391118219315,0.268148439676
2017-01-19,292993.531202,0.0,-146008.213538,-43.855660978,3329.29,SELL,146985.317664,0.00301661833493,1.46985317664,-0.00301853343595,0.263727789049
2017-01-20,292993.531202,0.0,-147130.918459,-43.855660978,3354.89,SELL,145862.612743,-0.00763821134573,1.45862612743,0.00768932715384,0.27495483826
2017-01-20,292993.531202,0.0,-147130.918459,-43.855660978,3354.89,SELL,145862.612743,0.0,1.45862612743,0.0,0.27495483826
